-- phpMyAdmin SQL Dump
-- version 3.5.2.2
-- http://www.phpmyadmin.net
--
-- Servidor: 127.0.0.1
-- Tiempo de generación: 06-04-2013 a las 20:47:30
-- Versión del servidor: 5.5.27
-- Versión de PHP: 5.4.7

SET SQL_MODE="NO_AUTO_VALUE_ON_ZERO";
SET time_zone = "+00:00";


/*!40101 SET @OLD_CHARACTER_SET_CLIENT=@@CHARACTER_SET_CLIENT */;
/*!40101 SET @OLD_CHARACTER_SET_RESULTS=@@CHARACTER_SET_RESULTS */;
/*!40101 SET @OLD_COLLATION_CONNECTION=@@COLLATION_CONNECTION */;
/*!40101 SET NAMES utf8 */;

--
-- Base de datos: `saie`
--

-- --------------------------------------------------------

--
-- Estructura de tabla para la tabla `alumnos`
--

DROP TABLE IF EXISTS `alumnos`;
CREATE TABLE IF NOT EXISTS `alumnos` (
  `id_alumno` int(11) NOT NULL AUTO_INCREMENT,
  `apellidos_alumno` varchar(150) COLLATE latin1_spanish_ci NOT NULL,
  `nombres_alumno` varchar(150) COLLATE latin1_spanish_ci NOT NULL,
  `estado_alumno` int(11) NOT NULL DEFAULT '1',
  PRIMARY KEY (`id_alumno`)
) ENGINE=InnoDB  DEFAULT CHARSET=latin1 COLLATE=latin1_spanish_ci AUTO_INCREMENT=663 ;

--
-- Volcado de datos para la tabla `alumnos`
--

INSERT INTO `alumnos` (`id_alumno`, `apellidos_alumno`, `nombres_alumno`, `estado_alumno`) VALUES
(1, 'ALBARRACIN MACKLIFF ', 'JOSÉ DANIEL', 1),
(2, 'ARGUELLO MORALES ', 'GABRIEL SEBASTIAN', 1),
(3, 'CHAVEZ TAPIA ', 'ROMMINA FERNANDA', 1),
(4, 'GUZHÑAY GARCIA ', 'KARLA GABRIELA', 1),
(5, 'HURTADO MINANGO ', 'ADRIANA YAEL', 1),
(6, 'IBUJES PORTILLA ', 'JANISE ADELEYN', 1),
(7, 'JURADO ENRIQUEZ ', 'ALEJANDRA VALENTINA', 1),
(8, 'ARCOS YANEZ ', 'NATHALY MERCEDES', 1),
(9, 'BASTIDAS CARRERA ', 'SAMANTA VALENTINA', 1),
(10, 'BORJA CHALA ', 'MATIAS ALEXANDER', 1),
(11, 'BUITRON GUILLEN ', 'KERLY SOFIA', 1),
(12, 'FLORES PALLO ', 'MATIAS PAUL', 1),
(13, 'GARCIA MENDOZA ', 'ADRIAN JOSUE', 1),
(14, 'GARCIA RAMIREZ ', 'JHOSUA ALEXANDER', 1),
(15, 'GLAS ', 'RIANA MICHELLE', 1),
(16, 'MALDONADO CRUZ ', 'MATIAS ANDRES', 1),
(17, 'MENA SARMIENTO ', 'JHOEL MATEO', 1),
(18, 'MORALES MUQUINCHO ', 'JORDY MAXIMILIANO   ', 1),
(19, 'NARVAEZ ESTRELLA ', 'AMELIA VALENTINA', 1),
(20, 'QUISHPE ROJAS ', 'LOREIN ALEJANDRA', 1),
(21, 'RUIZ CARRION', 'ANDRES FABRICIO', 1),
(22, 'SANTANA NOLE', 'MONICA SAMARA', 1),
(23, 'ULLOA VALLEJO ', 'JOSE LEANDRO', 1),
(24, 'VALENCIA NOVOA', ' LENIN ESTEBAN', 1),
(25, 'VERGARA AMAYA ', 'ALISSON ANTONELLA', 1),
(26, 'ZAMORA ALAVA ', 'MANUEL AGUSTIN', 1),
(27, 'ACUÑA CAICEDO ', 'EDER ESTEBAN', 1),
(28, 'ACURIO MENA ', 'CARLOS EDUARDO', 1),
(29, 'AGUILERA CISNEROS', ' CAMILA FERNANDA', 1),
(30, 'BOLAÑOS SALAZAR', ' ESTEBAN FERNANDO', 1),
(31, 'COJITAMBO ALCIVAR', 'CARLOS ALEJANDRO', 1),
(32, 'FLORES MINANGO ', 'ALISSON DANIELA', 1),
(33, 'HERNANDEZ RAMIREZ ', 'ANAHI TAMARA', 1),
(34, 'MACANCHI COBOS', 'ALEXEY VICENTE', 1),
(35, 'MENA VELASTEGUI ', 'MILEY NEREA', 1),
(36, 'PALLO GOMEZ  ', 'ROMULO ALEXANDER', 1),
(37, 'RODRIGUEZ PALLO ', 'ISAAC NAPOLEON', 1),
(38, 'SIMBA VASQUEZ ', 'LILIANA CAROLINA', 1),
(39, 'TORRES PALACIOS ', 'ZACKARY JOEL', 1),
(40, 'VERGARA GOMEZ', ' JUAN FRANCISCO', 1),
(41, 'VILLEGAS ALBAN ', 'ANDRES SEBASTIAN', 1),
(42, 'VIRACOCHA MERINO ', 'DAYANARA ALEXANDRA', 1),
(43, 'ZAMBRANO CHICAIZA', 'ALISSON VALENTINA', 1),
(44, 'ALVAREZ FLORES ', 'NATALIA ALEJANDRA', 1),
(45, 'ALVAREZ SHUGULI ', 'LENIN GABRIEL', 1),
(46, 'BASTIDAS FLORES ', 'GABRIELA ALEJANDRA', 1),
(47, 'CARRERA ZAMBRANO ', 'ANGIE ANTONELLA', 1),
(48, 'CARRILLO MARTINEZ ', 'ARELYS DANIELA', 1),
(49, 'CASANOVA ROSERO ', 'GUYLIAN ANDRES', 1),
(50, 'CERON FUENTES ', 'PABLO DAVID', 1),
(51, 'CHIMBA PABON', 'ANA CRISTINA', 1),
(52, 'EGAS GORDILLO             ', 'ROMINA ALEJANDRA', 1),
(53, 'FLORES ALBAN ', 'CAMILA MILENA', 1),
(54, 'GAONA BASTIDAS ', 'MARTIN ALEJANDRO', 1),
(55, 'GARZON ALBUJA ', 'TEO ALEXE                 ', 1),
(56, 'IBUJES PORTILLA ', 'JOSSELYN ALEJANDRA', 1),
(57, 'JIMENEZ MOSQUERA ', 'ARNAU SEBASTIAN', 1),
(58, 'LEMA CHIRAN ', 'EMILIO ANDRÉS', 1),
(59, 'MALDONADO MORALES ', 'DANIEL NICOLÁS', 1),
(60, 'MIRANDA MIRANDA ', 'ANGEL JOEL', 1),
(61, 'MORALES MEZA ', 'BETSABE ALEJANDRA', 1),
(62, 'PANCHES MORA ', 'JUAN ESTEBAN', 1),
(63, 'RAMIREZ CARTAGENA ', 'CAMILA SARIAH', 1),
(64, 'SANTANA NOLE ', 'EDUARDO CAYETANO', 1),
(65, 'SHUGULI VELASTEGUI ', 'AMILCAR ISMAEL', 1),
(66, 'AGUIRRE CEDEÑO', ' KENAL STEVEN', 1),
(67, 'BORJA NAVARRETE ', 'MARIA JOSE', 1),
(68, 'CALDERON BOLAÑOS ', 'MARTIN SEBASTIAN', 1),
(69, 'CASTRO PACHECO ', 'MARCO FRANCISCO', 1),
(70, 'DELGADO JUCA ', 'KEVIN MARCOS', 1),
(71, 'FLORES TERAN', 'MILENA NAHOMY', 1),
(72, 'GOMEZ ECHEVERRIA ', 'SAMANTHA ELENA', 1),
(73, 'GUAYAQUIL RODRIGUEZ ', 'BELEN ALEJANDRA', 1),
(74, 'JIMENEZ ORTEGA ', 'MIGUEL ANGEL', 1),
(75, 'LOGROÑO PALMA ', 'JOEL MARCELO', 1),
(76, 'LOPEZ GUERRERO ', 'CAMILA SALOME', 1),
(77, 'MALITAXI MARTINEZ', ' JYMMY JAIR', 1),
(78, 'MONTALVO GRIJALVA ', 'DIEGO D''ALEXANDRO', 1),
(79, 'PAREDES HARO ', 'ASHLEY SARAY', 1),
(80, 'PAREDES LAZ ', 'NAHIN MAXIMILIANO', 1),
(81, 'PINO MOREIRA ', 'ISRAEL', 1),
(82, 'RIVAS GOMEZ', 'DOMENICA ROSALIA', 1),
(83, 'RODRIGUEZ CHIRIBOGA ', 'DANIELA LUCIA', 1),
(84, 'SHUGULI DIGUAY ', 'JOSE ROLANDO               ', 1),
(85, 'ZAMBRANO CAJAS ', 'ADAN DANIEL', 1),
(86, 'ZAMBRANO CHUGCHILAN ', 'DARLA MAITE', 1),
(87, 'AGUIRRE GAIBOR ', 'DANILO ALEJANDRO', 1),
(88, 'BASTIDAS CEVALLOS ', 'PRISCILA ABIGAIL', 1),
(89, 'CALDERON CARGUA ', 'CARLOS DAVID', 1),
(90, 'CALVACHE VELASCO ', 'BRYAN JOAQUIN', 1),
(91, 'CARRION AGUILAR ', 'JEAN PIERRE', 1),
(92, 'ESCOBAR MOYA ', 'CHRISTIAN', 1),
(93, 'ESPINOSA PEÑAHERRERA ', 'JUAN PABLO    ', 1),
(94, 'ESPINOSA TORRES ', 'EMILIANO PAOLO', 1),
(95, 'GARRIDO MIÑO ', 'CELESTE NEREA', 1),
(96, 'JARA PIEDRA ', 'HAMILTON JAIR', 1),
(97, 'MENA ZAMBRANO ', 'GABRIELA ESTEFANIA', 1),
(98, 'MORALES YUGCHA ', 'TAMIA YUMALAY', 1),
(99, 'NUÑEZ MEDINA ', 'DANNA ODETH', 1),
(100, 'ORDOÑEZ TENORIO ', 'CHRISTOPHER DAVID', 1),
(101, 'PAREDES PAZMIÑO ', 'LUIS FELIPE', 1),
(102, 'RODRIGUEZ CASA ', 'ALEJANDRO  SEBASTIAN', 1),
(103, 'SALGUERO  MOGOLLON', 'AMARU', 1),
(104, 'TORRES PAEZ ', 'JOSUE', 1),
(105, 'AGUILERA FLORES ', 'PABLO GABRIEL', 1),
(106, 'ALMEIDA REYES ', 'ANTHONNY JOEL', 1),
(107, 'CARRERA ZAMBRANO ', 'PAUL ALEXANDER', 1),
(108, 'CARRILLO MARTINEZ ', 'EDITH VALERIA', 1),
(109, 'CARVAJAL AYALA ', 'LORENA CRISTINA', 1),
(110, 'COLLAGUAZO CANGAS ', 'AMBAR CAROLINA', 1),
(111, 'ELDREDGE CEVALLOS ', 'YOSHUA ISRAEL', 1),
(112, 'ENRIQUEZ CHAVEZ ', 'MATEO SEBASTIAN', 1),
(113, 'ESPINOSA BARRENO ', 'EUNICE ANTONELLA', 1),
(114, 'GALEAS BAUTISTA ', 'JORGE ANDRES', 1),
(115, 'GRANDA CORREA ', 'MARTIN ALEJANDRO', 1),
(116, 'LÓPEZ SHUGULI ', 'AXEL ALEJANDRO', 1),
(117, 'MEDINA BOCCA ', 'MARIA BELEN', 1),
(118, 'MINANGO PALLO', 'CAMILA APRIL', 1),
(119, 'MOSCOSO CEVALLOS ', 'MATIAS FRANCISCO', 1),
(120, 'NICOLALDE AVALOS ', 'JOSE DARIO', 1),
(121, 'PAGUAY LEMA ', 'DORIS MARGARITA', 1),
(122, 'ROMO GAMBOA ', 'MARLON EDUARDO', 1),
(123, 'SIERRA SUAREZ ', 'EMILY ESTEFANIA           ', 1),
(124, 'SIMBA VASQUEZ ', 'LISSETH  ALEJANDRA', 1),
(125, 'TOVAR NIETO ', 'MARIA PAULA', 1),
(126, 'VACA ESTRELLA ', 'MARIA PAULA', 1),
(127, 'ZAMORA CEVALLOS ', 'HILLARY ABIGAIL', 1),
(128, 'ACURIO ANGULO ', 'CARLOS ROBERTO', 1),
(129, 'CALAHORRANO HIDALGO ', 'DOMÉNICA ANAHI', 1),
(130, 'CASTELLANOS VASCONEZ ', 'ALANIS ISABELLA', 1),
(131, 'CHONATA ALVAREZ ', 'WILLIAM ANDRES', 1),
(132, 'GUAMAN COBOS', 'EMILY POLETH', 1),
(133, 'GUAMAN QUINTANILLA ', 'MENTOR SEBASTIAN', 1),
(134, 'MENDOZA FLORES', 'JANELY THAIS', 1),
(135, 'MORALES MUQUINCHO ', 'URIEL MATEO', 1),
(136, 'OSORIO MORENO ', 'KARLA ANAHY', 1),
(137, 'OYOLA ERAZO ', 'MELANY CAMILA', 1),
(138, 'PALLO CALVACHE ', 'LESLIE SARAI', 1),
(139, 'PAREDES ANCHUNDIA', 'LUIS NICOLAS', 1),
(140, 'ROMERO ARMIJO ', 'JOSE DANIEL', 1),
(141, 'RUALES PROAÑO ', 'JOEL ESTYP', 1),
(142, 'SAMPEDRO ORTIZ ', 'ANA PAULA', 1),
(143, 'TUFIÑO SISA', 'ESTEBAN MATIAS', 1),
(144, 'ULLOA VALLEJO ', 'MARTINA ISABELLA', 1),
(145, 'VERGARA AMAYA', 'MARIA ALEJANDRA', 1),
(146, 'VIERA ACHIG', 'ESTEBAN MAURICIO', 1),
(147, 'VIZCAINO CEVALLOS', 'ISMAEL ESAU', 1),
(148, 'ALCANTARA ROMERO ', 'ANA CAMILA', 1),
(149, 'ARIAS SEVILLANO ', 'LISETH', 1),
(150, 'CABEZAS SHUGULI ', 'CRISTAL SAMANTHA', 1),
(151, 'CALVA TELLO ', 'JUAN ANDRÉS', 1),
(152, 'CAMACHO FIERRO', 'GENESIS NAOMI', 1),
(153, 'GARCIA RAMIREZ', 'JORGE DAVID', 1),
(154, 'GAROFALO PALACIOS', 'CAMILA ALEJANDRA', 1),
(155, 'GUAYASAMIN DELGADO ', 'JENNIFER ANAIS', 1),
(156, 'LOPEZ ALARCON ', 'MELANIE ALEJANDRA', 1),
(157, 'MALDONADO CRUZ ', 'JORGE ENRIQUE', 1),
(158, 'MALDONADO VINCES ', 'JUAN ADRIAN', 1),
(159, 'MEDINA OÑA ', 'PAULA ODALIS', 1),
(160, 'NEGRETE TELLO ', 'KAMILA ANAHI', 1),
(161, 'NUÑEZ ROSERO ', 'JHONATAN DAVID', 1),
(162, 'ROLDAN FELIX ', 'BIANCA VALENTINA', 1),
(163, 'ROSERO CUASAPUD ', 'JUAN DIEGO', 1),
(164, 'SAAVEDRA GUANO ', 'PABLO FERNANDO', 1),
(165, 'SALAZAR LAGUAPILLO ', 'REBECA SARAI', 1),
(166, 'SANTACRUZ CHUCHUCA ', 'JUAN PABLO', 1),
(167, 'SOLORZANO HERNANDEZ ', 'MATEO ALEXANDER', 1),
(168, 'TAMAYO VELASTEGUI ', 'VALERY ESTEFANIA', 1),
(169, 'VELASQUEZ ERAZO', 'ROMMEL ARIEL', 1),
(170, 'ALVAREZ SHUGULI ', 'ISAAC ALEXANDER', 1),
(171, 'ATIENCIA LAINES ', 'ARIEL FRANCISCO', 1),
(172, 'CALVACHE VELASCO', 'DIEGO MARTIN', 1),
(173, 'CAMINO ESPINOSA ', 'AYLEN MELISSA', 1),
(174, 'CARRILLO RICARDO ', 'NAYELI ALEJANDRA', 1),
(175, 'CHANTERA SANGUÑA ', 'JOSEPH PAUL', 1),
(176, 'CHIPANTASHI CHIPANTASIG ', 'DIEGO MISAEL', 1),
(177, 'DIAZ SALVADOR ', 'ALFREDO DAVID', 1),
(178, 'FLORES MURILLO ', 'DOMÉNICA SHANTAL', 1),
(179, 'GARCIA SHUGULI', 'PAOLA ALEJANDRA', 1),
(180, 'GLAS', 'AILEEN MICAELA', 1),
(181, 'GOMEZ ALCIVAR ', 'ELIAS SNEYDER', 1),
(182, 'GONZALEZ JEREZ ', 'SARA VALENTINA             ', 1),
(183, 'GUAYAQUIL RODRIGUEZ ', 'MATEO ALEJANDRO', 1),
(184, 'HEREDIA CABEZAS ', 'CAMILA ANAHI                        ', 1),
(185, 'LÓPEZ LOMAS ', 'OLIVER OMAR', 1),
(186, 'MALITAXI MARTINEZ', ' IKER GEOVANNY', 1),
(187, 'MONTALVO GRIJALVA ', 'CHRISTOPHER MAURICIO', 1),
(188, 'OROZCO LOPEZ', ' KATHERIN NICOLE            ', 1),
(189, 'PANCHES MORA ', 'DIEGO FRANCISCO', 1),
(190, 'QUIMBIULCO CAIZA ', 'JHUSTIN ARIEL', 1),
(191, 'QUINGA NOLIVOS ', 'ARIANNA ROMINA', 1),
(192, 'QUIROZ VOSMEDIANO ', 'TAHIZ DANIELA', 1),
(193, 'RODRIGUEZ CORREA', 'NADIA PRISCILA', 1),
(194, 'ROMERO CALVACHE', 'HERMIONE JARITH', 1),
(195, 'SALGUERO JACOME ', 'NAYELHI MIKAELA', 1),
(196, 'URGILES RODRIGUEZ ', 'DANIELA ANAHÍ', 1),
(197, 'YANEZ PEÑARRETA ', 'GERMAN SEBASTIAN', 1),
(198, 'YUGCHA ERAZO ', 'ARIAMA YADIRE         ', 1),
(199, 'AGUIRRE CEDEÑO', ' DANNY CRISTIAN', 1),
(200, 'BORJA NAVARRETE ', 'ABIGAIL JHOANSELLY', 1),
(201, 'BUITRON GUILLEN ', 'PAULA SAMANTA', 1),
(202, 'GARZON ALBUJA ', 'JAYKO FERNANDO            ', 1),
(203, 'GRANDA GAVILANES ', 'ADRIANA MISHELLE', 1),
(204, 'HEREDIA ROMERO ', 'DAVID MIJAEL', 1),
(205, 'JIMENEZ MINA              ', 'LUIS FELIPE   ', 1),
(206, 'LOPEZ MOREIRA ', 'MILTON JOSUE ', 1),
(207, 'MACANCHI COBOS ', 'NOAMI JAMILE', 1),
(208, 'MALDONADO MENOSCAL ', 'CAMILA LISSETH', 1),
(209, 'MORALES BENITEZ ', 'STIVEN JOEL', 1),
(210, 'MORALES VERDESOTO ', 'SEBASTIAN PATRICIO', 1),
(211, 'OLMEDO CEVALLOS ', 'DAVID ALEJANDRO', 1),
(212, 'PALLO MINANGO ', 'CARLA MILENA', 1),
(213, 'POZO RIVERA ', 'PAULA DANIELA', 1),
(214, 'QUEZADA PALACIOS', 'JOSE ANDRES', 1),
(215, 'QUISHPE PUCACHAQUI ', 'ALISSON NAOMI', 1),
(216, 'REYES PILLA                  ', 'THOMAS DAVID ', 1),
(217, 'RUIZ CARRION ', 'DAVID ALEJANDRO', 1),
(218, 'SANCHEZ RIVERA ', 'JOSUE MATEO', 1),
(219, 'SHUGULI GUAMUSI ', 'ANAHI KAROLINA', 1),
(220, 'TIBAN CANTOS ', 'CAROLYN IBETH  ', 1),
(221, 'TOBAR GUERRERO ', 'DILAN JOEL', 1),
(222, 'VALLE DÁVILA ', 'ARIEL ALEJANDRO', 1),
(223, 'VARGAS AGUIRRE           ', 'HELLEN SAMANTHA', 1),
(224, 'VASQUEZ ZAMORA ', 'MELANIE ARIANA', 1),
(225, 'VEGA GUNSHA', 'ALISON MONSERRATE', 1),
(226, 'VILLACRES CASTILLO ', ' PAULA  VALENTINA', 1),
(227, 'CAJAS ARCOS', 'BRIGITH ELENA', 1),
(228, 'CALVACHE VELASCO', 'BRENDA CRISTINA', 1),
(229, 'CARRION ORDOÑEZ ', 'LUCIANA', 1),
(230, 'CERON FUENTES ', 'CARLOS JULIAN', 1),
(231, 'CORONEL SOLARTE ', 'ESTEBAN MATHEO', 1),
(232, 'CRUZ ENDARA ', 'SEBASTIAN', 1),
(233, 'GRANDA GAVILANES ', 'VIVIANA ALEJANDRA', 1),
(234, 'LAMIÑA SIZA ', 'ARIEL STEVEEN', 1),
(235, 'MENDEZ MOLINA', 'DOMENICA CRISTIANY', 1),
(236, 'ORTEGA MOYA ', 'ANDRES SAID      ', 1),
(237, 'POVEDA MOLINA ', 'VALERIA ISABEL', 1),
(238, 'PRADO OROZCO ', 'DANNA VALERIA', 1),
(239, 'RAMIREZ GOMEZ', 'WILLIAM MARIO', 1),
(240, 'REASCOS MONTENEGRO ', 'JORDY MATEO                      ', 1),
(241, 'ROMERO MORALES ', 'MELANY JAZMIN', 1),
(242, 'RUIZ RIVERA', 'JUAN DIEGO', 1),
(243, 'VALENZUELA MIRANDA ', 'JAVIER ISMAEL', 1),
(244, 'VEGA GOMEZ ', 'KERLY MARILYN', 1),
(245, 'AGUILAR SOTO', 'ANA LUCIA', 1),
(246, 'ALVAREZ FLORES ', 'STEVEN FABIAN', 1),
(247, 'CAICEDO  PASPUEL', 'MELANY VANESSA', 1),
(248, 'CALVA TELLO ', 'ANDRÉS SEBASTIAN', 1),
(249, 'CAPA PALLO', 'NAHOMY RACHELLE', 1),
(250, 'CARRILLO RICARDO', 'MELANIE ANAHI', 1),
(251, 'ESPINOZA ROBLES ', 'SHEYLLA DAYANA', 1),
(252, 'GAROFALO PALACIOS ', 'DOMÉNICA ESTEFANIA', 1),
(253, 'LAYEDRA CASTRILLON', 'ABRAHAM', 1),
(254, 'LLUMIQUINGA DUQUE', 'SARA MICAELA', 1),
(255, 'MENDOZA CHAMORRO ', 'MARTIN SEBASTIAN', 1),
(256, 'ONTANEDA PADILLA', 'TOMAS MATEO', 1),
(257, 'ORTIZ DIGUAY ', 'CAMILA SALOME    ', 1),
(258, 'PAREDES PAZMIÑO ', 'FRANCISCO NICOLAS', 1),
(259, 'ROMERO CALVACHE', 'JERLY ANAHI', 1),
(260, 'SALGUERO DELGADO', ' MARTIN SEBASTIAN', 1),
(261, 'VIERA ACHIG', 'SERGIO ANDRES', 1),
(262, 'VILLEGAS ALBAN ', 'JUAN ANGEL', 1),
(263, 'ALCANTARA ROMERO ', 'SEBASTIAN', 1),
(264, 'ALMEIDA REYES ', 'HEIDI ANAHI', 1),
(265, 'AVILES MUSO ', 'JOSELIN LIZBETH', 1),
(266, 'CALVACHE VELASCO', 'GUILLERMO LEONARDO', 1),
(267, 'CARRILLO MARTINEZ', 'JORGE MATHEO', 1),
(268, 'CEDEÑO CHAMORRO ', 'GABRIEL ALEJANDRO', 1),
(269, 'CERON FUENTES ', 'EMILY ALEJANDRA', 1),
(270, 'GALARZA CARRERA ', 'DANIELA SARAHI', 1),
(271, 'GUAMAN COBOS ', 'DILLAN SEBASTIAN', 1),
(272, 'GUAÑUNA CRUZ ', 'LENIN PATRICIO', 1),
(273, 'GUAÑUNA LOPEZ', 'ANDY JOEL', 1),
(274, 'MALDONADO MENOSCAL ', 'NATHALY MICAELA', 1),
(275, 'MALDONADO SALAZAR ', 'WILLI FRANCISCO', 1),
(276, 'MORA GALEAS ', 'ESTEFANY NATASHA', 1),
(277, 'NIETO ARMITJO', 'GUILLERMO NICOLAS', 1),
(278, 'PAUCAR CRIOLLO ', 'EMILY VANESSA', 1),
(279, 'PEREZ ORELLANA ', 'HERMAN SANTIAGO', 1),
(280, 'QUEZADA PALACIOS', 'ALLYSON MARINA', 1),
(281, 'QUINGA NOLIVOS ', 'MATEO NICOLAS', 1),
(282, 'RECALDE TROYA ', 'GUSTAVO SEBASTIAN', 1),
(283, 'RIOFRIO MERA ', 'JULIAN GUILLERMO', 1),
(284, 'RIVADENEIRA ORTEGA', 'GABRIEL ALEJANDRO', 1),
(285, 'SHUGULI GUAMUSI ', 'CRISTOPHER DAMIAN', 1),
(286, 'TACURI ROMERO', 'FRANCISCO XAVIER', 1),
(287, 'TORRES VARELA ', 'SEBASTIAN ALEJANDRO', 1),
(288, 'VARELA MEJIA ', 'GISSELL NAHOMY     ', 1),
(289, 'VERDESOTO GUAYASAMIN ', 'ALISSON MILENA', 1),
(290, 'YÁNEZ CÓNDOR ', 'MICAELA FABIOLA', 1),
(291, 'ALDAS MINANGO', 'STEVEEN BLADIMIR', 1),
(292, 'ALEGRE AVILES ', 'CRISTIAN ALEJANDRO', 1),
(293, 'BRITO BRITO', 'EVELIN JULIANA', 1),
(294, 'CANO CABEZAS ', 'MICAELA ALEXANDRA', 1),
(295, 'CASTAÑEDA CHAVEZ ', 'SAMANTHA ELIZABETH', 1),
(296, 'CASTILLO YUGSI', 'DAVID NICOLAS                        ', 1),
(297, 'CEVALLOS CRUZ ', 'DOMIYNIK FERNANDA', 1),
(298, 'CEVALLOS JIMENEZ ', 'JONATHAN ALEXANDER', 1),
(299, 'CHAVEZ PORTILLA ', 'NICOLAS JOSE', 1),
(300, 'CHAVEZ TAPIA ', 'MATHIAS ALEJANDRO    ', 1),
(301, 'DOICELA CACERES ', 'LORENA FERNANDA', 1),
(302, 'FIERRO CEVALLOS ', 'CAMILA ISABELA', 1),
(303, 'GOMEZ VILLAMAR ', 'MATEO DANIEL', 1),
(304, 'IBAÑEZ MALEZA', 'KEVIN ANDRES', 1),
(305, 'JIMENEZ MINA ', 'JUAN ESTEBAN                 ', 1),
(306, 'LOOR RAMIREZ ', 'JENNIFER VANESA', 1),
(307, 'LÓPEZ ARCOS ', 'AMBAR ABIGAIL', 1),
(308, 'LOPEZ VILLOTA', 'GABRIEL ENRIQUE', 1),
(309, 'MAISINCHO MORA', 'AILEEN DOMINIQUE', 1),
(310, 'MELO MOSQUERA', 'INGRID YAMILÉ', 1),
(311, 'MOLINA ORTEGA ', 'DANIEL ALEJANDRO', 1),
(312, 'MOSQUERA FERNANDEZ      ', 'LINCOLN SAID     ', 1),
(313, 'PILCO ORTEGA ', 'MARIA JOSE', 1),
(314, 'ROSERO CABALLERO ', 'DENEB VLADIMIR', 1),
(315, 'SHUGULI RUALES ', 'STEVEEN JOSUE', 1),
(316, 'TORRES PAEZ ', 'JAUME ISAAC', 1),
(317, 'VACA ESTRELLA ', 'JUAN ESTEBAN', 1),
(318, 'VIZUETE ERAZO ', 'SEBASTIAN ALEJANDRO', 1),
(319, 'ALCACERES CASTRO ', 'ERIKA TATIANA', 1),
(320, 'AMAYA CRUZ ', 'CARLOS XAVIER', 1),
(321, 'AYALA CAJAS ', 'ANAHI SOLEDAD', 1),
(322, 'AYALA NOLIVOS ', 'JEREMY CALEB', 1),
(323, 'BETANCOURT MACHADO ', 'LUIS ALEJANDRO', 1),
(324, 'CASTRO PACHECO ', 'MARÍA BELEN', 1),
(325, 'HERRERA FRAGA ', 'EMILY NICOLE', 1),
(326, 'HINOJOSA CASTRO ', 'EMILY ANAHI', 1),
(327, 'JACOME UTRERAS ', 'HELEN EMILIA', 1),
(328, 'LEIVA MACIAS ', 'JOSHUA DAVID', 1),
(329, 'MALDONADO CAMPOS', 'MATHEO EDUARDO', 1),
(330, 'MARCHENA GARCIA ', 'AXL MIGUEL', 1),
(331, 'ONTANEDA FLORES          ', 'LUIS ALEJANDRO ', 1),
(332, 'ONTANEDA PADILLA ', 'DIEGO ANDRÉS', 1),
(333, 'OROSCO DIAZ ', 'KEVIN PATRICIO', 1),
(334, 'PALLO GOMEZ ', 'NAYDELIN GABRIELA', 1),
(335, 'PALLO MINANGO ', 'MARÍA JOSÉ', 1),
(336, 'PINZÓN GUZMAN ', 'SEBASTIAN', 1),
(337, 'PRADO OROZCO ', 'ARIANA DOMÉNICA', 1),
(338, 'PROAÑO LANDAZURI ', 'SAMANTHA COSSETTE', 1),
(339, 'RODRIGUEZ CHIRIBOGA ', 'ALVARO PATRICIO', 1),
(340, 'ROMERO GAVILANEZ                ', 'MARIA JOSE', 1),
(341, 'SALAZAR LAGUAPILLO ', 'DIEGO GABRIEL', 1),
(342, 'VACA GUAYTARILLA', 'JUAN GUSTAVO', 1),
(343, 'VALLE DÁVILA ', 'JOSSUE GUSTAVO', 1),
(344, 'VILLARREAL LOOR ', 'ANDREA MICHELLE', 1),
(345, 'VIZCAINO RODRIGUEZ ', 'NICOLE ANAHI', 1),
(346, 'ANDRADE CABEZAS ', 'MARIA EMILIA', 1),
(347, 'AYALA CHICA ', 'SANTIAGO IGNACIO', 1),
(348, 'CHAUCA OÑA ', 'JHONATAN FABRICIO', 1),
(349, 'CHIMBA PABON', 'JOSE ROBERTO', 1),
(350, 'CHONATA ALVAREZ ', 'ELIZABETH KATHERINE', 1),
(351, 'CORREA ROJAS', 'CAMILO JOSE', 1),
(352, 'ERAZO ANAGUANO ', 'ANGELO SAMIR', 1),
(353, 'FLORES SARMIENTO ', 'ARIANNA MIKAELA', 1),
(354, 'GARCIA MENDOZA ', 'MADISSON EYLIN', 1),
(355, 'IPIALES GUALPA  ', 'GEBY NAHOMI', 1),
(356, 'JIMENEZ MOSQUERA ', 'MATEO NICOLÁS', 1),
(357, 'JIMENEZ ORTEGA', 'PABLO ANDRES', 1),
(358, 'LANDAZURI VALDIVIEZO', 'CARLOS STEFANO', 1),
(359, 'MONTENEGRO RAMIREZ ', 'GABRIELA DEL CISNE', 1),
(360, 'MUÑOZ ANGARITA ', 'ANTHONY SEBASTIAN', 1),
(361, 'OROSCO ZAMBRANO ', 'MICHAEL JOEL', 1),
(362, 'REINOSO SHUGULI            ', 'MELANY STEFANIA', 1),
(363, 'REVELO MEJIA', 'DOMÉNICA BELÉN', 1),
(364, 'ROJAS TINOCO', 'JAVIER ALEXANDER', 1),
(365, 'SALAS RAMOS ', 'CAMILA GABRIELA', 1),
(366, 'SOLORZANO  HERNANDEZ', 'ESTEBAN  IVAN', 1),
(367, 'TENE CHASI ', 'MARIA ISABEL', 1),
(368, 'TORRES PALACIOS ', 'MELLANY FRANSHUA', 1),
(369, 'VALLEJO ULLOA ', 'GABRIEL MATEO', 1),
(370, 'VARGAS AGUIRRE ', 'ISAM ESTEBAN', 1),
(371, 'VERA FRAGA ', 'GABRIEL ALEXANDER', 1),
(372, 'AGUILAR SOTO ', 'VALERIE MICHELLE', 1),
(373, 'ALCACERES CASTRO ', 'ANGIE YULIETH', 1),
(374, 'ALCANTARA ROMERO ', 'MAURICIO', 1),
(375, 'BARAHONA POLO ', 'ARAHI ALEXANDRA', 1),
(376, 'CAMINO ESPINOSA ', 'DARLA DAYANA', 1),
(377, 'CASTELLANOS SOTO ', 'ANGEL EDUARDO', 1),
(378, 'CEVALLOS CRUZ ', 'CHRISTIAN FRANCISCO', 1),
(379, 'CUDCO SIMBAÑA ', 'JOHANA NICOLE', 1),
(380, 'FLORES NARANJO ', 'BRYAN XAVIER', 1),
(381, 'FLORES SARMIENTO ', 'JUAN FERNANDO', 1),
(382, 'LLUMIQUINGA VILLENAS ', 'CAROL RAQUEL', 1),
(383, 'LOPEZ LOPEZ', 'ERICK GEOVANNY', 1),
(384, 'LOPEZ ORTIZ ', 'ERICK DANIEL', 1),
(385, 'LÓPEZ VELASQUEZ ', 'STEVEN ALEXANDER', 1),
(386, 'MAYAC LLUMIQUINGA ', 'FRANCISCO JAVIER', 1),
(387, 'MENDOZA FLORES', 'KRISTIAN SAID', 1),
(388, 'MORALES BENALCAZAR ', 'KELLY VANESSA', 1),
(389, 'OBANDO PESANTE ', 'SASHA LISSETH', 1),
(390, 'ONTANEDA PADILLA', 'RICARDO DANIEL', 1),
(391, 'ORTEGA MOYA ', 'MAITE ALEJANDRA               ', 1),
(392, 'PINO MOREIRA ', 'JOSE NICOLAS', 1),
(393, 'QUILUMBA SIMBAÑA ', 'EDWIN STEVEN', 1),
(394, 'REA MOLINA ', 'SEBASTIAN ALEXANDER', 1),
(395, 'ROLDAN LIMAICO ', 'JEREMY SEBASTIAN', 1),
(396, 'ROMO GAMBOA ', 'STEFANY KAMILA', 1),
(397, 'SALAZAR LAGUAPILLO ', 'FRANCISCO JAVIER', 1),
(398, 'TIBAN GUAMANARCA ', 'BRAYAN MAURICIO', 1),
(399, 'TUFIÑO SISA', 'JOSE ALEJANDRO', 1),
(400, 'USCOCOVICH TORRES ', 'DUSSAN ELLERY', 1),
(401, 'VELASTEGUI SHUGULI ', 'DANIELA ALEXANDRA', 1),
(402, 'AGUIRRE PEREZ ', 'AXEL DAMIAN', 1),
(403, 'ALEGRE AVILES ', 'ANGEL DANIEL', 1),
(404, 'BARRIONUEVO CALDERON ', 'SANTIAGO GERMAN', 1),
(405, 'CADENA OBANDO', 'GENESIS KATHERINE', 1),
(406, 'CALDERON ZAMBRANO ', 'NAYELY ANAHI', 1),
(407, 'CALVA TELLO ', 'LUIS MATEO', 1),
(408, 'CAPILLA AGUIRRE', 'DILAN SEBASTIAN', 1),
(409, 'CARDENAS REINOSO ', 'KAREN ELIZABETH', 1),
(410, 'CHIMBO MORENO ', 'DAYANA LESLIE', 1),
(411, 'COLLAGUAZO CAIZA ', 'MARISOL JAQUELINE', 1),
(412, 'CORAL CORELLA ', 'MAYERLI ROCÍO', 1),
(413, 'DIGUAY TORRES ', 'CARLA BELEN', 1),
(414, 'ELDREDGE CEVALLOS ', 'DOMINIK ESTHER                    ', 1),
(415, 'ESPINOSA BARRENO ', 'JULIANA ELIZABETH', 1),
(416, 'HERNANDEZ BENAVIDES ', 'DILAN ANDRE', 1),
(417, 'LÓPEZ SHUGULI ', 'STALIN SEBASTIAN', 1),
(418, 'MENDOZA CHAMORRO ', 'MATEO ISAAC', 1),
(419, 'MORALES ROJAS ', 'DOMENICA NICOLE', 1),
(420, 'MORALES VARGAS ', 'LEONARDO MATEO', 1),
(421, 'NOLIVOS CASTILLO ', 'DANNA MIKAELA', 1),
(422, 'OVIEDO BOADA ', 'DANIELA NICOLLE', 1),
(423, 'PANTOJA CEVALLOS ', 'TIFFANY EMILIA    ', 1),
(424, 'PENAGOS GRANDA', 'JOSE ALEJANDRO', 1),
(425, 'PEÑAFIEL ROSALES ', 'FRANCISS GANNELLA', 1),
(426, 'RUIZ CARRION ', 'SANTIAGO NICOLAS', 1),
(427, 'SHUGULI VELASTEGUI ', 'FATIMA ANAHI', 1),
(428, 'TOBAR MEDINA ', 'MARIA DELCISNE', 1),
(429, 'VALLE GARCIA ', 'CARLA DE LOS ANGELES', 1),
(430, 'ZAMBRANO POZO ', 'KARLA STEFANY', 1),
(431, 'ANELOA CURAY               ', 'ERIKA PAMELA   ', 1),
(432, 'ARCOS GARCÍA ', 'ÁNGEL ALEJANDRO', 1),
(433, 'BASTIDAS FLORES ', 'VANESSA KAROLINA', 1),
(434, 'BRAVO RAMIREZ ', 'LUIS DAVID', 1),
(435, 'BRIONES VALENCIA ', 'VALERIA ELIZABETH        ', 1),
(436, 'BUSTOS AYALA ', 'MARIA FERNANDA', 1),
(437, 'CABEZAS MUÑOZ', ' EDWARD STEVEN', 1),
(438, 'CALDERON BOLAÑOS ', 'DAVID ALEJANDRO', 1),
(439, 'CARVAJAL PALLO', 'DIANA CAROLINA', 1),
(440, 'CERON FUENTES ', 'ANDRÉS SEBASTIAN', 1),
(441, 'CHALA MUÑOZ ', 'ALISSON POLETT', 1),
(442, 'DAVILA MACIAS ', 'MAURICIO ARTURO', 1),
(443, 'DIAZ ARGOTI ', 'NICOLAS SEBASTIAN', 1),
(444, 'HERNANDEZ TULCAN ', 'SAMIR ROBERTO', 1),
(445, 'MALDONADO JACOME ', 'PAOLO SEBASTIAN        ', 1),
(446, 'NIETO CUMBA ', 'DAYANA CAROLINA', 1),
(447, 'ONTANEDA FLORES        ', 'NICOLAS STEPHANO ', 1),
(448, 'PAREDES GUALÁN ', 'MARCOS ISRAEL', 1),
(449, 'PROAÑO VASCONEZ ', 'DENISS ALEXANDER', 1),
(450, 'RIVADENEIRA GRANDA ', 'DIANA CAROLINA', 1),
(451, 'SHUGULI DIGUAY ', 'CRISTIAN SEBASTIAN', 1),
(452, 'TACURI ROMERO ', 'GRACE NICOLE', 1),
(453, 'VERA BUSTAMANTE ', 'JAVIER ALEXANDER', 1),
(454, 'ZALDUMBIDE SAMANIEGO', ' HEYDI MALENA', 1),
(455, 'BASTIDAS CARRERA ', 'MARTIN ISAAC', 1),
(456, 'CAIZA GUAYASAMIN ', 'JESUS ANDRES', 1),
(457, 'CAMPOS QUICHIMBO ', 'DANIELA FERNANDA', 1),
(458, 'CANGA GARCIA ', 'JORDY FABIAN      ', 1),
(459, 'CARRION ORDOÑEZ ', 'EMILIA', 1),
(460, 'CARVAJAL PALLO', 'HEYDI NICOLE', 1),
(461, 'CHANTERA SANGUÑA ', 'ALEXANDER XAVIER', 1),
(462, 'CHULDE RODRIGUEZ ', 'ALISSON MICHELLE', 1),
(463, 'CHUSIN NICOLALDE          ', 'MARIA JOSE      ', 1),
(464, 'COYAGUILLO CUALCHI ', 'ANTONY JOEL', 1),
(465, 'ESPINOSA BARRENO ', 'CARLA PATRICIA', 1),
(466, 'GARCIA CEVALLOS ', 'ARIEL ALEJANDRO', 1),
(467, 'LANDI LOAYZA ', 'ANA PAZ', 1),
(468, 'LOPEZ AMAYA            ', 'JOSSELYN VICTORIA', 1),
(469, 'MALDONADO CAMPOS ', 'ANNA PAULA', 1),
(470, 'OÑA PEREZ ', 'NICOLAS AARON', 1),
(471, 'PALACIOS RUBIANO ', 'VALENTINA', 1),
(472, 'PANCHES MORA', ' ANA PAULA', 1),
(473, 'QUIROZ VOSMEDIANO ', 'GARY JHOEL', 1),
(474, 'RODRIGUEZ CABRERA', 'MAITE SAMANTHA', 1),
(475, 'SALGUERO DELGADO ', 'MATEO FABIAN', 1),
(476, 'SANGUÑA NAVARRETE ', 'KEVIN STALYN ', 1),
(477, 'VALENCIA VALLEJO ', 'JOSÉ LUIS', 1),
(478, 'VERA FEIJOO ', 'JOSSELY ARIANA', 1),
(479, 'ACOSTA NOGUERA ', 'STEVEN RONALDO', 1),
(480, 'ALTAMIRANO GARZON', 'MARIA FERNANDA', 1),
(481, 'CASTELLANOS SOTO ', 'VERONICA DANIELA', 1),
(482, 'CORREA ROJAS ', 'CARLOS ISAAC', 1),
(483, 'CURILLO JUCA ', 'FERNANDO MARCEL', 1),
(484, 'FARINANGO UNAPUCHA ', 'PAUL ALEXANDER', 1),
(485, 'GONZALEZ NEGRETE ', 'ESTEFANNY DANIELA', 1),
(486, 'GRANDA GAVILANES ', 'LUIS DANIEL', 1),
(487, 'GUACHÁN CHUGÁ ', 'KARLA STEPHANIE', 1),
(488, 'LOPEZ SUAREZ ', 'MARCO VINICIO', 1),
(489, 'MORALES ROJAS ', 'CHANTAL ALEJANDRA', 1),
(490, 'NOVOA CAZAR', 'MARIA CRISTINA', 1),
(491, 'PAGUAY LEMA ', 'STALIN', 1),
(492, 'PALLO MINANGO ', 'MELANIE DANIELA', 1),
(493, 'PANTOJA CEVALLOS ', 'DYLLAN SALVADOR          ', 1),
(494, 'PENAGOS GRANDA', 'JAIRO ALEXIS', 1),
(495, 'RAMOS PEÑA ', 'KARELYS NICOLE               ', 1),
(496, 'RUBIANO MARIN ', 'NICOLAS', 1),
(497, 'SANCHEZ CUENCA ', 'DOMENICA DEL CISNE', 1),
(498, 'SHUGULI DIGUAY ', 'FERNANDO JAVIER', 1),
(499, 'TAMAYO VELA ', 'CESAR ADRIAN', 1),
(500, 'VASQUEZ VELIZ ', 'PAUL SANTIAGO', 1),
(501, 'VEGA GUNSHA ', 'KATHERINE JASMIN', 1),
(502, 'VIZUETE  SILVA', 'ALEXANDER MARCELO', 1),
(503, 'YANDUN ROCANO ', 'KEVIN PÁUL', 1),
(504, 'BENAVIDES ECHEVERRIA ', 'CARLA MILENA', 1),
(505, 'BOLAÑOS ESPIN ', 'ANTHONY RODOLFO', 1),
(506, 'CARDENAS VIVANCO', 'EVANS ANDRES', 1),
(507, 'CASTRO PACHECO ', 'SHASKIA NICOLE           ', 1),
(508, 'CONDE TAPIA ', 'ANTHONY SEBASTINA', 1),
(509, 'CORTÉZ CEVALLOS ', 'AARON MAXIMILIANO', 1),
(510, 'ESCOBAR CONDE ', 'CRISTHOPER EDUARDO', 1),
(511, 'GARCIA SOLIS ', 'JEAN CARLO                 ', 1),
(512, 'GARRIDO ANGULO ', 'DOMÉNICA FERNANDA', 1),
(513, 'JACOME UTRERAS ', 'DANIELA SALOMÉ', 1),
(514, 'LÓPEZ MEJÍA ', 'LESLIE ALEJANDRA', 1),
(515, 'LOPEZ MOREIRA ', 'JANURY MAIMOSEL', 1),
(516, 'MALITAXI MARTINEZ ', 'CESAR STEEVEN', 1),
(517, 'MENDEZ MOLINA', 'STEVEN ALEXANDER', 1),
(518, 'MORA CHAGUAY ', 'MILENA SOPHIA', 1),
(519, 'NEGRETE OBANDO ', 'RENATO JOSUE', 1),
(520, 'OROSCO VELASTEGUI', 'JOSE ANDRES', 1),
(521, 'PENAGOS GRANDA', 'ANDREA CAROLINA', 1),
(522, 'PÉREZ VALDERRAMA ', 'ANDRÉS FELIPE', 1),
(523, 'QUICHIMBO MEZA ', 'ALISSON DEL PILAR', 1),
(524, 'RIVAS GOMEZ ', 'PEDRO PABLO', 1),
(525, 'RODRIGUEZ CABRERA ', 'NERY JHOAN', 1),
(526, 'ROMERO RUIZ ', 'EIMY LISBETH', 1),
(527, 'RUIZ PROAÑO                             ', 'NICOLE SARAI', 1),
(528, 'SALAZAR CARDENAS ', 'WALTER IVAN', 1),
(529, 'ALCIVAR SAFLA ', 'PAUL ALEJANDRO', 1),
(530, 'BARAHONA POLO', ' ALISON ANDREA', 1),
(531, 'BETANCOURT MACHADO ', 'MARIA DANIELA', 1),
(532, 'DAVILA ZAMBRANO ', 'CLARA KATHERINE', 1),
(533, 'ENRIQUEZ MORALES', 'MARIA JOSE', 1),
(534, 'ESCOBAR CONDE ', 'CAROLINA PAMELA', 1),
(535, 'FIERRO ORELLANA ', 'JAVIER SEBASTIAN', 1),
(536, 'GARCES ORBE ', 'ODHALIS MELISSA', 1),
(537, 'LEIVA LLUMIQUINGA ', 'MICHELLE ALEXANDRA', 1),
(538, 'LOPEZ ORTIZ ', 'LUIS ARIEL', 1),
(539, 'MAYAC LLUMIQUINGA', 'DENNISSE GABRIELA', 1),
(540, 'MEDINA CHUSIG ', 'DAYANA ELIZABETH', 1),
(541, 'MENA VELASTEGUI ', 'JORDY STEEVEN', 1),
(542, 'MUÑOZ MASACHE ', 'LISBET CAROLINA', 1),
(543, 'NOTE TITUAÑA', 'JENNY LISETH', 1),
(544, 'NUÑEZ AVILA ', 'MIGUEL ALEJANDRO', 1),
(545, 'OLMEDO CEVALLOS ', 'DAVID ALEJANDRO', 1),
(546, 'PEREZ ASTUDILLO ', 'JOSE NICOLAS', 1),
(547, 'REA MOLINA ', 'ALEXA KYABEL', 1),
(548, 'CAMPOVERDE ARBOLEDA ', 'ANGELA ELIZABETH', 1),
(549, 'CRUZ JURADO ', 'DANIEL ENRIQUE', 1),
(550, 'DAVILA MACIAS ', 'NUVIA MARIA', 1),
(551, 'GARZON ALBUJA', ' ANIXA FERNANDA ', 1),
(552, 'GUACHAMIN MANGIA ', 'JOEL ADONIS', 1),
(553, 'GUACHÁN CHUGÁ ', 'JONATHAN ALEJANDRO', 1),
(554, 'MALDONADO CRUZ ', 'MARIA JOSÉ', 1),
(555, 'NOLIVOS CASTILLO ', 'CAMILA DOMENICA', 1),
(556, 'PALLO GUALOTO ', 'VANESSA ANDRES  ', 1),
(557, 'PÉREZ VALDERRAMA ', 'DIANA ALEJANDRA', 1),
(558, 'PINZÓN GUZMAN ', 'JUAN DAVID', 1),
(559, 'RAMIREZ MORALES ', 'ARELLY PAOLA', 1),
(560, 'ROMERO MORENO ', 'ALISSON XIOMARA', 1),
(561, 'SAMPEDRO ORTIZ', 'JUAN DIEGO', 1),
(562, 'TOSCANO SANTANDER ', 'CARLA MISHEL', 1),
(563, 'VACA CHIMBO', ' KEVIN ALEXIS', 1),
(564, 'VALENCIA VALLEJO ', 'ASHLEY CAROLINA', 1),
(565, 'VISCARRA ERAZO', ' KEVIN STEFFANO', 1),
(566, 'ALBUJA CEVALLOS ', 'FRANCISCO JAVIER', 1),
(567, 'ALCOCER SARANGO ', 'STEVEN ALEXANDER', 1),
(568, 'BRITO BRITO ', 'LENIN ERNESTO', 1),
(569, 'CABEZAS MUÑOZ ', 'MICHAEL ALEXANDER', 1),
(570, 'CAJAS QUICILEMA ', 'NIKOLE ESTEFANIA', 1),
(571, 'CARDENAS TAPIA ', 'ANA BELEN                            ', 1),
(572, 'CORTÉZ CEVALLOS ', 'ANET DOMÉNICA', 1),
(573, 'ESPIN PANTA ', 'ANDRÉS JAVIER', 1),
(574, 'FLORES FLORES ', 'KEVIN JOSE', 1),
(575, 'LEIVA LLUMIQUINGA ', 'NICOLE STEFFANIA         ', 1),
(576, 'MORALES FARINANGO ', 'JOE DANIEL', 1),
(577, 'MOREIRA ALMEIDA ', 'JHONNY ALEXANDER', 1),
(578, 'ONTANEDA FLORES        ', 'SEBASTIAN EDUARDO', 1),
(579, 'PAEZ CARRERA ', 'MONICA DANIELA', 1),
(580, 'RODRIGUEZ RODRIGUEZ ', 'GABRIELA NIKOLE', 1),
(581, 'ROSERO CABALLERO ', 'DENEB VLADIMIR', 1),
(582, 'SANCHEZ CUENCA ', 'NATHALY CRISTINA', 1),
(583, 'SUAREZ ZAMBRANO', 'LUIS DANIEL', 1),
(584, 'VELASTEGUI VELASTEGUI ', 'ERIKA LIZETH', 1),
(585, 'VERA BUSTAMANTE ', 'PAOLA ALEJANDRA', 1),
(586, 'CARRANCO LOZADA ', 'SANTIAGO GABRIEL', 1),
(587, 'CURILLO JUCA ', 'LEONARDO ANDRES', 1),
(588, 'GALINDO RUEDA ', 'JULISSA MARISOL', 1),
(589, 'GUAYASAMIN  CABEZAS', 'SANDY MISHELLE', 1),
(590, 'GUERRA DE JESUS ', 'KARLA ESTEFANIA', 1),
(591, 'JACOME ATIENCIA', 'KELLY DENISSE', 1),
(592, 'JIMENEZ HOLGUIN ', 'LUIS FERNANDO    ', 1),
(593, 'MANZANO ORTEGA', ' SOFIA CAROLINA', 1),
(594, 'MORILLO CARRERA', 'KEVIN ANDRES', 1),
(595, 'MUÑOZ MASACHE ', 'BRYAN PAUL', 1),
(596, 'OBANDO LOPEZ', ' FRANCISCO XAVIER', 1),
(597, 'OROZCO ARCOS', 'TATIANA ALEXANDRA', 1),
(598, 'PILLAJO MESIAS ', 'DANNY ALEJANDRO', 1),
(599, 'POVEDA ZAVALA ', 'SEBASTIAN DARIO', 1),
(600, 'RIVADENEIRA GRANDA ', 'ALEXANDER DAMIAN', 1),
(601, 'RODRIGUEZ SALVADOR ', 'JORGE ESTEVAN', 1),
(602, 'RUBIANO MARIN ', 'SANTIAGO', 1),
(603, 'SANCHEZ FALCONI ', 'IVETTE DAYANARA', 1),
(604, 'SILVA MIRANDA ', 'LIZZETH STEPHANIA', 1),
(605, 'ZUÑIGA SUÁREZ ', 'JESSIE BRIGITHE', 1),
(606, 'BENITEZ MIELES ', 'JESSICA PAMELA', 1),
(607, 'CAJAS ARCOS ', 'PABLO SALOMON', 1),
(608, 'CARRERA HERRERA ', 'FATIMA JAZMIN', 1),
(609, 'CHIMBO JAYA ', 'JONATHAN ALEXANDER', 1),
(610, 'CORELLA MOYA ', 'CARLOS ANDRÉS', 1),
(611, 'CUICHAN COBOS', 'MILTON ANDRES', 1),
(612, 'GUACHAMIN MANGIA ', 'CHRISTOFER ESTEBAN', 1),
(613, 'HIDALGO ORTEGA ', 'CRISTIAN DAVID', 1),
(614, 'MEDINA BOCCA ', 'MARIA RUTH', 1),
(615, 'RECALDE RECALDE ', 'PAOLA ANDREA', 1),
(616, 'TAMAYO VELA ', 'VANESSA LESLIE', 1),
(617, 'TORRES OROZCO ', 'ANTHONY JAMIL', 1),
(618, 'VELASTEGUI ANGUISACA ', 'JENNIFER GABRIELA   ', 1),
(619, 'VERDESOTO GUAYASAMIN ', 'ERIKA JOSSSELYN', 1),
(620, 'VISCARRA ERAZO', ' ERICK ALEXANDER', 1),
(621, 'BAMONTES BRITO ', 'DIEGO DAVID', 1),
(622, 'CABASCANGO DE JESUS', 'LUIS EDUARDO', 1),
(623, 'CORELLA MOYA ', 'STEPHANIE NATALI', 1),
(624, 'DELGADO VACA', ' KAREN NICOLE', 1),
(625, 'GARZON ALBUJA ', 'BRITANY MISHEL            ', 1),
(626, 'MINANGO POZO ', 'IRINA MISHELLE', 1),
(627, 'MORALES ROJAS ', 'WILLIAM ANDRES', 1),
(628, 'PANCHES OBANDO ', 'SARA MIKAELA', 1),
(629, 'PUMISACHO PINTO', 'CRISTIAN JAVIER', 1),
(630, 'RODRIGUEZ CASA ', 'VERONICA VANESSA', 1),
(631, 'ROLDAN LIMAICO ', 'LUIS FELIPE', 1),
(632, 'ROMERO RUIZ ', 'KAREN JOSSELYN', 1),
(633, 'TOSCANO SANTANDER ', 'TAMARI LEONELA', 1),
(634, 'USCOCOVICH TORRES ', 'ALAN DAVID              ', 1),
(635, 'ZALDUMBIDE SAMANIEGO ', 'WILLIAM FERNANDO', 1),
(636, 'ALDAS MINANGO ', 'ESTEFHANY ALEJANDRA', 1),
(637, 'ARCOS YANEZ ', 'ESTEBAN SEBASTIAN', 1),
(638, 'AREVALO VILLARREAL ', 'JOSSELYN NICOLE', 1),
(639, 'AREVALO VILLARREAL ', 'KAREN VANESSA', 1),
(640, 'BARRAGAN ARÉVALO ', 'DANIEL ANDRÉS', 1),
(641, 'BARRENO CELLERI ', 'DIEGO ANDRÉS', 1),
(642, 'CORDOVA ARAUZ ', 'CAMILA DOMENICA', 1),
(643, 'DELGADO JUCA ', ' KAROL MISHEL               ', 1),
(644, 'DELGADO VACA ', 'JOSSELYN DAYANA', 1),
(645, 'LARA SORIA ', 'NICOLE LIZBETH', 1),
(646, 'MORILLO CARRERA', 'KEREN ALEJANDRA', 1),
(647, 'NARVAEZ GUERRERO ', 'JORGE SEBASTIAN', 1),
(648, 'OÑA PEREZ ', 'CAMILA DENISE', 1),
(649, 'OROSCO ZAMBRANO ', ' JHONATAN MICHAEL', 1),
(650, 'PAUCAR CRIOLLO ', 'BRYAN ANDRES', 1),
(651, 'VERA BUSTAMANTE ', 'WASHINGTON EDUARDO', 1),
(652, 'VIRACOCHA GONZALEZ ', 'ÁNGEL RICARDO', 1),
(653, 'ZAMBRANO GARCIA ', 'SOFIA MISHELL', 1),
(654, 'CASTILLO', 'DANILO', 1),
(655, 'ROJAS', 'AUGUSTA', 1),
(656, 'DIAZ HIDALGO', 'BRITHANY SAMANTHA', 1),
(659, 'JACOME ATIENCIA', 'KAREN DOMENICA', 1),
(660, 'CASTILLO', 'EMILY ', 1),
(661, 'ALARCÓN', 'DAVID', 1),
(662, 'EDISON', 'TORRES', 1);

-- --------------------------------------------------------

--
-- Estructura de tabla para la tabla `anos_lectivos`
--

DROP TABLE IF EXISTS `anos_lectivos`;
CREATE TABLE IF NOT EXISTS `anos_lectivos` (
  `id_ano_lectivo` int(11) NOT NULL AUTO_INCREMENT,
  `detalle_ano_lectivo` varchar(150) DEFAULT NULL,
  `estado_ano_lectivo` int(11) DEFAULT NULL,
  PRIMARY KEY (`id_ano_lectivo`)
) ENGINE=InnoDB  DEFAULT CHARSET=latin1 AUTO_INCREMENT=2 ;

--
-- Volcado de datos para la tabla `anos_lectivos`
--

INSERT INTO `anos_lectivos` (`id_ano_lectivo`, `detalle_ano_lectivo`, `estado_ano_lectivo`) VALUES
(1, '2012-2013', 1);

-- --------------------------------------------------------

--
-- Estructura de tabla para la tabla `aportes`
--

DROP TABLE IF EXISTS `aportes`;
CREATE TABLE IF NOT EXISTS `aportes` (
  `id_aporte` int(11) NOT NULL AUTO_INCREMENT,
  `detalle_aporte` varchar(150) COLLATE latin1_spanish_ci NOT NULL,
  `nombre_corto_aporte` varchar(150) COLLATE latin1_spanish_ci NOT NULL,
  `numero_aporte` int(11) NOT NULL,
  `estado_aporte` int(11) NOT NULL DEFAULT '1',
  PRIMARY KEY (`id_aporte`)
) ENGINE=InnoDB  DEFAULT CHARSET=latin1 COLLATE=latin1_spanish_ci AUTO_INCREMENT=25 ;

--
-- Volcado de datos para la tabla `aportes`
--

INSERT INTO `aportes` (`id_aporte`, `detalle_aporte`, `nombre_corto_aporte`, `numero_aporte`, `estado_aporte`) VALUES
(1, 'Trabajos Académicos Independientes', 'TAI', 1, 1),
(2, 'Trabajos Académicos Independientes', 'TAI', 2, 1),
(3, 'Trabajos Académicos Independientes', 'TAI', 3, 1),
(4, 'Trabajos Académicos Independientes', 'TAI', 4, 1),
(5, 'Trabajos Académicos Independientes', 'TAI', 5, 1),
(6, 'Trabajos Académicos Independientes', 'TAI', 6, 1),
(7, 'Trabajos Académicos Independientes', 'TAI', 7, 1),
(8, 'Trabajos Académicos Independientes', 'TAI', 8, 1),
(9, 'Trabajos Académicos Independientes', 'TAI', 9, 1),
(10, 'Trabajos Académicos Independientes', 'TAI', 10, 1),
(11, 'Actividades Individuales en Clase', 'AIC', 1, 1),
(12, 'Actividades Individuales en Clase', 'AIC', 2, 1),
(13, 'Actividades Individuales en Clase', 'AIC', 3, 1),
(14, 'Actividades Individuales en Clase', 'AIC', 4, 1),
(15, 'Actividades Individuales en Clase', 'AIC', 5, 1),
(16, 'Actividades Individuales en Clase', 'AIC', 6, 1),
(17, 'Actividades Individuales en Clase', 'AIC', 7, 1),
(18, 'Actividades Grupales', 'AG', 1, 1),
(19, 'Actividades Grupales', 'AG', 2, 1),
(20, 'Actividades Grupales', 'AG', 3, 1),
(21, 'Lecciones', 'L', 1, 1),
(22, 'Lecciones', 'L', 2, 1),
(23, 'Lecciones', 'L', 3, 1),
(24, 'Prueba', 'P', 1, 1);

-- --------------------------------------------------------

--
-- Estructura de tabla para la tabla `calificaciones`
--

DROP TABLE IF EXISTS `calificaciones`;
CREATE TABLE IF NOT EXISTS `calificaciones` (
  `id_calificacion` int(11) NOT NULL AUTO_INCREMENT,
  `calificaciones_info_id_calificacion_info` int(11) NOT NULL,
  `alumnos_id_alumno` int(11) NOT NULL,
  `valor_calificacion` float DEFAULT NULL,
  `usuarios_id_usuario` int(11) NOT NULL,
  `observacion_calificacion` varchar(150) COLLATE latin1_spanish_ci DEFAULT NULL,
  `calificaciones_estados_id_calificacion_estado` int(11) NOT NULL,
  PRIMARY KEY (`id_calificacion`)
) ENGINE=InnoDB  DEFAULT CHARSET=latin1 COLLATE=latin1_spanish_ci AUTO_INCREMENT=5041 ;

--
-- Volcado de datos para la tabla `calificaciones`
--

INSERT INTO `calificaciones` (`id_calificacion`, `calificaciones_info_id_calificacion_info`, `alumnos_id_alumno`, `valor_calificacion`, `usuarios_id_usuario`, `observacion_calificacion`, `calificaciones_estados_id_calificacion_estado`) VALUES
(1, 1, 148, 7, 2, '', 0),
(2, 1, 149, 10, 2, '', 0),
(3, 1, 150, 0, 2, '', 0),
(4, 1, 151, 10, 2, '', 0),
(5, 1, 152, 10, 2, '', 0),
(6, 1, 153, 5, 2, '', 0),
(7, 1, 154, 10, 2, '', 0),
(8, 1, 155, 0, 2, '', 0),
(9, 1, 156, 10, 2, '', 0),
(10, 1, 157, 10, 2, '', 0),
(11, 1, 158, 10, 2, '', 0),
(12, 1, 159, 10, 2, '', 0),
(13, 1, 160, 10, 2, '', 0),
(14, 1, 161, 10, 2, '', 0),
(15, 1, 162, 10, 2, '', 0),
(16, 1, 163, 10, 2, '', 0),
(17, 1, 164, 10, 2, '', 0),
(18, 1, 165, 10, 2, '', 0),
(19, 1, 166, 10, 2, '', 0),
(20, 1, 167, 10, 2, '', 0),
(21, 1, 168, 7, 2, '', 0),
(22, 1, 169, 10, 2, '', 0),
(23, 2, 148, 9.9, 2, '', 0),
(24, 2, 149, 9.9, 2, '', 0),
(25, 2, 150, 10, 2, '', 0),
(26, 2, 151, 10, 2, '', 0),
(27, 2, 152, 9.5, 2, '', 0),
(28, 2, 153, 10, 2, '', 0),
(29, 2, 154, 10, 2, '', 0),
(30, 2, 155, 10, 2, '', 0),
(31, 2, 156, 10, 2, '', 0),
(32, 2, 157, 10, 2, '', 0),
(33, 2, 158, 10, 2, '', 0),
(34, 2, 159, 10, 2, '', 0),
(35, 2, 160, 10, 2, '', 0),
(36, 2, 161, 10, 2, '', 0),
(37, 2, 162, 10, 2, '', 0),
(38, 2, 163, 10, 2, '', 0),
(39, 2, 164, 10, 2, '', 0),
(40, 2, 165, 10, 2, '', 0),
(41, 2, 166, 10, 2, '', 0),
(42, 2, 167, 10, 2, '', 0),
(43, 2, 168, 10, 2, '', 0),
(44, 2, 169, 9.9, 2, '', 0),
(45, 3, 148, 10, 2, '', 0),
(46, 3, 149, 9.8, 2, '', 0),
(47, 3, 150, 10, 2, '', 0),
(48, 3, 151, 10, 2, '', 0),
(49, 3, 152, 9, 2, '', 0),
(50, 3, 153, 9.5, 2, '', 0),
(51, 3, 154, 9.5, 2, '', 0),
(52, 3, 155, 9.5, 2, '', 0),
(53, 3, 156, 9.5, 2, '', 0),
(54, 3, 157, 10, 2, '', 0),
(55, 3, 158, 9.4, 2, '', 0),
(56, 3, 159, 9.8, 2, '', 0),
(57, 3, 160, 9.9, 2, '', 0),
(58, 3, 161, 9.9, 2, '', 0),
(59, 3, 162, 9.5, 2, '', 0),
(60, 3, 163, 10, 2, '', 0),
(61, 3, 164, 9.6, 2, '', 0),
(62, 3, 165, 10, 2, '', 0),
(63, 3, 166, 9.8, 2, '', 0),
(64, 3, 167, 10, 2, '', 0),
(65, 3, 168, 10, 2, '', 0),
(66, 3, 169, 9.6, 2, '', 0),
(67, 4, 148, 9.8, 2, '', 0),
(68, 4, 149, 9.8, 2, '', 0),
(69, 4, 150, 6, 2, '', 0),
(70, 4, 151, 6.5, 2, '', 0),
(71, 4, 152, 1, 2, '', 0),
(72, 4, 153, 9.6, 2, '', 0),
(73, 4, 154, 9.8, 2, '', 0),
(74, 4, 155, 8.4, 2, '', 0),
(75, 4, 156, 1, 2, '', 0),
(76, 4, 157, 8.5, 2, '', 0),
(77, 4, 158, 9.4, 2, '', 0),
(78, 4, 159, 10, 2, '', 0),
(79, 4, 160, 9.8, 2, '', 0),
(80, 4, 161, 9.8, 2, '', 0),
(81, 4, 162, 8.8, 2, '', 0),
(82, 4, 163, 9.6, 2, '', 0),
(83, 4, 164, 9.5, 2, '', 0),
(84, 4, 165, 8.5, 2, '', 0),
(85, 4, 166, 7.8, 2, '', 0),
(86, 4, 167, 9.3, 2, '', 0),
(87, 4, 168, 10, 2, '', 0),
(88, 4, 169, 9.6, 2, '', 0),
(89, 5, 148, 10, 2, '', 0),
(90, 5, 149, 9, 2, '', 0),
(91, 5, 150, 9, 2, '', 0),
(92, 5, 151, 10, 2, '', 0),
(93, 5, 152, 8, 2, '', 0),
(94, 5, 153, 10, 2, '', 0),
(95, 5, 154, 9, 2, '', 0),
(96, 5, 155, 9, 2, '', 0),
(97, 5, 156, 9, 2, '', 0),
(98, 5, 157, 10, 2, '', 0),
(99, 5, 158, 10, 2, '', 0),
(100, 5, 159, 10, 2, '', 0),
(101, 5, 160, 10, 2, '', 0),
(102, 5, 161, 9, 2, '', 0),
(103, 5, 162, 9, 2, '', 0),
(104, 5, 163, 10, 2, '', 0),
(105, 5, 164, 10, 2, '', 0),
(106, 5, 165, 9, 2, '', 0),
(107, 5, 166, 10, 2, '', 0),
(108, 5, 167, 7, 2, '', 0),
(109, 5, 168, 10, 2, '', 0),
(110, 5, 169, 10, 2, '', 0),
(111, 6, 148, 10, 2, '', 0),
(112, 6, 149, 10, 2, '', 0),
(113, 6, 150, 8, 2, '', 0),
(114, 6, 151, 6.75, 2, '', 0),
(115, 6, 152, 6.75, 2, '', 0),
(116, 6, 153, 6.75, 2, '', 0),
(117, 6, 154, 6.75, 2, '', 0),
(118, 6, 155, 8, 2, '', 0),
(119, 6, 156, 6.6, 2, '', 0),
(120, 6, 157, 10, 2, '', 0),
(121, 6, 158, 7.6, 2, '', 0),
(122, 6, 159, 10, 2, '', 0),
(123, 6, 160, 7.6, 2, '', 0),
(124, 6, 161, 6.6, 2, '', 0),
(125, 6, 162, 8, 2, '', 0),
(126, 6, 163, 7.6, 2, '', 0),
(127, 6, 164, 6.6, 2, '', 0),
(128, 6, 165, 6.6, 2, '', 0),
(129, 6, 166, 7.6, 2, '', 0),
(130, 6, 167, 8, 2, '', 0),
(131, 6, 168, 7.6, 2, '', 0),
(132, 6, 169, 6.6, 2, '', 0),
(133, 7, 148, 9, 2, '', 0),
(134, 7, 149, 8, 2, '', 0),
(135, 7, 150, 8, 2, '', 0),
(136, 7, 151, 0, 2, '', 0),
(137, 7, 152, 1, 2, '', 0),
(138, 7, 153, 7, 2, '', 0),
(139, 7, 154, 8, 2, '', 0),
(140, 7, 155, 5, 2, '', 0),
(141, 7, 156, 3, 2, '', 0),
(142, 7, 157, 10, 2, '', 0),
(143, 7, 158, 0, 2, '', 0),
(144, 7, 159, 10, 2, '', 0),
(145, 7, 160, 10, 2, '', 0),
(146, 7, 161, 5, 2, '', 0),
(147, 7, 162, 6, 2, '', 0),
(148, 7, 163, 0, 2, '', 0),
(149, 7, 164, 4, 2, '', 0),
(150, 7, 165, 6, 2, '', 0),
(151, 7, 166, 10, 2, '', 0),
(152, 7, 167, 5, 2, '', 0),
(153, 7, 168, 10, 2, '', 0),
(154, 7, 169, 1, 2, '', 0),
(155, 8, 148, 9.5, 2, '', 0),
(156, 8, 149, 10, 2, '', 0),
(157, 8, 150, 9, 2, '', 0),
(158, 8, 151, 6.75, 2, '', 0),
(159, 8, 152, 3, 2, '', 0),
(160, 8, 153, 7.5, 2, '', 0),
(161, 8, 154, 10, 2, '', 0),
(162, 8, 155, 7, 2, '', 0),
(163, 8, 156, 5.5, 2, '', 0),
(164, 8, 157, 10, 2, '', 0),
(165, 8, 158, 10, 2, '', 0),
(166, 8, 159, 9, 2, '', 0),
(167, 8, 160, 9.5, 2, '', 0),
(168, 8, 161, 9.5, 2, '', 0),
(169, 8, 162, 8, 2, '', 0),
(170, 8, 163, 9.5, 2, '', 0),
(171, 8, 164, 5, 2, '', 0),
(172, 8, 165, 7, 2, '', 0),
(173, 8, 166, 10, 2, '', 0),
(174, 8, 167, 9, 2, '', 0),
(175, 8, 168, 10, 2, '', 0),
(176, 8, 169, 2, 2, '', 0),
(177, 9, 148, 10, 2, '', 0),
(178, 9, 149, 10, 2, '', 0),
(179, 9, 150, 10, 2, '', 0),
(180, 9, 151, 9, 2, '', 0),
(181, 9, 152, 10, 2, '', 0),
(182, 9, 153, 11, 2, '', 0),
(183, 9, 154, 10, 2, '', 0),
(184, 9, 155, 9, 2, '', 0),
(185, 9, 156, 10, 2, '', 0),
(186, 9, 157, 10, 2, '', 0),
(187, 9, 158, 10, 2, '', 0),
(188, 9, 159, 10, 2, '', 0),
(189, 9, 160, 10, 2, '', 0),
(190, 9, 161, 10, 2, '', 0),
(191, 9, 162, 8, 2, '', 0),
(192, 9, 163, 10, 2, '', 0),
(193, 9, 164, 11, 2, '', 0),
(194, 9, 165, 8, 2, '', 0),
(195, 9, 166, 10, 2, '', 0),
(196, 9, 167, 10, 2, '', 0),
(197, 9, 168, 10, 2, '', 0),
(198, 9, 169, 9, 2, '', 0),
(199, 10, 105, 10, 2, '', 0),
(200, 10, 106, 9.8, 2, '', 0),
(201, 10, 107, 10, 2, '', 0),
(202, 10, 108, 9.8, 2, '', 0),
(203, 10, 109, 10, 2, '', 0),
(204, 10, 110, 0.01, 2, '', 0),
(205, 10, 111, 9, 2, '', 0),
(206, 10, 112, 10, 2, '', 0),
(207, 10, 113, 10, 2, '', 0),
(208, 10, 114, 0.01, 2, '', 0),
(209, 10, 115, 10, 2, '', 0),
(210, 10, 116, 10, 2, '', 0),
(211, 10, 117, 10, 2, '', 0),
(212, 10, 118, 10, 2, '', 0),
(213, 10, 119, 10, 2, '', 0),
(214, 10, 120, 10, 2, '', 0),
(215, 10, 121, 10, 2, '', 0),
(216, 10, 122, 10, 2, '', 0),
(217, 10, 123, 10, 2, '', 0),
(218, 10, 124, 10, 2, '', 0),
(219, 10, 125, 10, 2, '', 0),
(220, 10, 126, 10, 2, '', 0),
(221, 10, 127, 9.8, 2, '', 0),
(222, 11, 105, 0, 2, '', 0),
(223, 11, 106, 8, 2, '', 0),
(224, 11, 107, 4, 2, '', 0),
(225, 11, 108, 10, 2, '', 0),
(226, 11, 109, 10, 2, '', 0),
(227, 11, 110, 7.5, 2, '', 0),
(228, 11, 111, 10, 2, '', 0),
(229, 11, 112, 0, 2, '', 0),
(230, 11, 113, 10, 2, '', 0),
(231, 11, 114, 9, 2, '', 0),
(232, 11, 115, 0.01, 2, '', 0),
(233, 11, 116, 10, 2, '', 0),
(234, 11, 117, 7.5, 2, '', 0),
(235, 11, 118, 10, 2, '', 0),
(236, 11, 119, 7.5, 2, '', 0),
(237, 11, 120, 10, 2, '', 0),
(238, 11, 121, 10, 2, '', 0),
(239, 11, 122, 8, 2, '', 0),
(240, 11, 123, 10, 2, '', 0),
(241, 11, 124, 6.5, 2, '', 0),
(242, 11, 125, 10, 2, '', 0),
(243, 11, 126, 10, 2, '', 0),
(244, 11, 127, 9, 2, '', 0),
(245, 12, 105, 10, 2, '', 0),
(246, 12, 106, 8, 2, '', 0),
(247, 12, 107, 0, 2, '', 0),
(248, 12, 108, 10, 2, '', 0),
(249, 12, 109, 6, 2, '', 0),
(250, 12, 110, 9.5, 2, '', 0),
(251, 12, 111, 5, 2, '', 0),
(252, 12, 112, 9.5, 2, '', 0),
(253, 12, 113, 10, 2, '', 0),
(254, 12, 114, 9, 2, '', 0),
(255, 12, 115, 0.01, 2, '', 0),
(256, 12, 116, 10, 2, '', 0),
(257, 12, 117, 10, 2, '', 0),
(258, 12, 118, 9, 2, '', 0),
(259, 12, 119, 10, 2, '', 0),
(260, 12, 120, 9, 2, '', 0),
(261, 12, 121, 7, 2, '', 0),
(262, 12, 122, 9, 2, '', 0),
(263, 12, 123, 10, 2, '', 0),
(264, 12, 124, 10, 2, '', 0),
(265, 12, 125, 9.5, 2, '', 0),
(266, 12, 126, 10, 2, '', 0),
(267, 12, 127, 9, 2, '', 0),
(268, 13, 105, 0, 2, '', 0),
(269, 13, 106, 9.5, 2, '', 0),
(270, 13, 107, 0, 2, '', 0),
(271, 13, 108, 10, 2, '', 0),
(272, 13, 109, 7, 2, '', 0),
(273, 13, 110, 9, 2, '', 0),
(274, 13, 111, 0.01, 2, '', 0),
(275, 13, 112, 9, 2, '', 0),
(276, 13, 113, 0.01, 2, '', 0),
(277, 13, 114, 9.5, 2, '', 0),
(278, 13, 115, 0.01, 2, '', 0),
(279, 13, 116, 6, 2, '', 0),
(280, 13, 117, 9.5, 2, '', 0),
(281, 13, 118, 0.01, 2, '', 0),
(282, 13, 119, 10, 2, '', 0),
(283, 13, 120, 9, 2, '', 0),
(284, 13, 121, 9, 2, '', 0),
(285, 13, 122, 0.01, 2, '', 0),
(286, 13, 123, 0.01, 2, '', 0),
(287, 13, 124, 9.5, 2, '', 0),
(288, 13, 125, 9, 2, '', 0),
(289, 13, 126, 9, 2, '', 0),
(290, 13, 127, 0.01, 2, '', 0),
(291, 14, 105, 0, 2, '', 0),
(292, 14, 106, 10, 2, '', 0),
(293, 14, 107, 6, 2, '', 0),
(294, 14, 108, 9.5, 2, '', 0),
(295, 14, 109, 9, 2, '', 0),
(296, 14, 110, 7, 2, '', 0),
(297, 14, 111, 0, 2, '', 0),
(298, 14, 112, 9.8, 2, '', 0),
(299, 14, 113, 10, 2, '', 0),
(300, 14, 114, 9, 2, '', 0),
(301, 14, 115, 0.01, 2, '', 0),
(302, 14, 116, 10, 2, '', 0),
(303, 14, 117, 9, 2, '', 0),
(304, 14, 118, 10, 2, '', 0),
(305, 14, 119, 9, 2, '', 0),
(306, 14, 120, 9, 2, '', 0),
(307, 14, 121, 8.5, 2, '', 0),
(308, 14, 122, 10, 2, '', 0),
(309, 14, 123, 10, 2, '', 0),
(310, 14, 124, 9, 2, '', 0),
(311, 14, 125, 10, 2, '', 0),
(312, 14, 126, 9, 2, '', 0),
(313, 14, 127, 10, 2, '', 0),
(314, 15, 105, 10, 2, '', 0),
(315, 15, 106, 10, 2, '', 0),
(316, 15, 107, 10, 2, '', 0),
(317, 15, 108, 3, 2, '', 0),
(318, 15, 109, 8, 2, '', 0),
(319, 15, 110, 8, 2, '', 0),
(320, 15, 111, 0.01, 2, '', 0),
(321, 15, 112, 7, 2, '', 0),
(322, 15, 113, 6, 2, '', 0),
(323, 15, 114, 8, 2, '', 0),
(324, 15, 115, 0.01, 2, '', 0),
(325, 15, 116, 7, 2, '', 0),
(326, 15, 117, 6, 2, '', 0),
(327, 15, 118, 2, 2, '', 0),
(328, 15, 119, 10, 2, '', 0),
(329, 15, 120, 9, 2, '', 0),
(330, 15, 121, 9, 2, '', 0),
(331, 15, 122, 7, 2, '', 0),
(332, 15, 123, 7, 2, '', 0),
(333, 15, 124, 10, 2, '', 0),
(334, 15, 125, 10, 2, '', 0),
(335, 15, 126, 8, 2, '', 0),
(336, 15, 127, 10, 2, '', 0),
(337, 16, 105, 10, 2, '', 0),
(338, 16, 106, 7.5, 2, '', 0),
(339, 16, 107, 8, 2, '', 0),
(340, 16, 108, 6, 2, '', 0),
(341, 16, 109, 7.5, 2, '', 0),
(342, 16, 110, 7, 2, '', 0),
(343, 16, 111, 0.01, 2, '', 0),
(344, 16, 112, 7.5, 2, '', 0),
(345, 16, 113, 6, 2, '', 0),
(346, 16, 114, 10, 2, '', 0),
(347, 16, 115, 8.5, 2, '', 0),
(348, 16, 116, 9.5, 2, '', 0),
(349, 16, 117, 9.5, 2, '', 0),
(350, 16, 118, 5, 2, '', 0),
(351, 16, 119, 7.5, 2, '', 0),
(352, 16, 120, 8, 2, '', 0),
(353, 16, 121, 9, 2, '', 0),
(354, 16, 122, 10, 2, '', 0),
(355, 16, 123, 6, 2, '', 0),
(356, 16, 124, 10, 2, '', 0),
(357, 16, 125, 10, 2, '', 0),
(358, 16, 126, 9, 2, '', 0),
(359, 16, 127, 7.5, 2, '', 0),
(360, 17, 105, 9, 2, '', 0),
(361, 17, 106, 7, 2, '', 0),
(362, 17, 107, 10, 2, '', 0),
(363, 17, 108, 7, 2, '', 0),
(364, 17, 109, 7, 2, '', 0),
(365, 17, 110, 9, 2, '', 0),
(366, 17, 111, 7, 2, '', 0),
(367, 17, 112, 10, 2, '', 0),
(368, 17, 113, 6, 2, '', 0),
(369, 17, 114, 6, 2, '', 0),
(370, 17, 115, 0, 2, '', 0),
(371, 17, 116, 6, 2, '', 0),
(372, 17, 117, 7, 2, '', 0),
(373, 17, 118, 10, 2, '', 0),
(374, 17, 119, 9, 2, '', 0),
(375, 17, 120, 9, 2, '', 0),
(376, 17, 121, 10, 2, '', 0),
(377, 17, 122, 6, 2, '', 0),
(378, 17, 123, 7, 2, '', 0),
(379, 17, 124, 9, 2, '', 0),
(380, 17, 125, 6, 2, '', 0),
(381, 17, 126, 9, 2, '', 0),
(382, 17, 127, 10, 2, '', 0),
(383, 18, 105, 9, 2, '', 0),
(384, 18, 106, 7, 2, '', 0),
(385, 18, 107, 7, 2, '', 0),
(386, 18, 108, 9, 2, '', 0),
(387, 18, 109, 9, 2, '', 0),
(388, 18, 110, 9, 2, '', 0),
(389, 18, 111, 5, 2, '', 0),
(390, 18, 112, 0, 2, '', 0),
(391, 18, 113, 9, 2, '', 0),
(392, 18, 114, 10, 2, '', 0),
(393, 18, 115, 6, 2, '', 0),
(394, 18, 116, 8, 2, '', 0),
(395, 18, 117, 9, 2, '', 0),
(396, 18, 118, 0, 2, '', 0),
(397, 18, 119, 10, 2, '', 0),
(398, 18, 120, 0, 2, '', 0),
(399, 18, 121, 9, 2, '', 0),
(400, 18, 122, 10, 2, '', 0),
(401, 18, 123, 8, 2, '', 0),
(402, 18, 124, 10, 2, '', 0),
(403, 18, 125, 8, 2, '', 0),
(404, 18, 126, 10, 2, '', 0),
(405, 18, 127, 9, 2, '', 0),
(406, 19, 105, 9, 2, '', 0),
(407, 19, 106, 9, 2, '', 0),
(408, 19, 107, 7, 2, '', 0),
(409, 19, 108, 5, 2, '', 0),
(410, 19, 109, 10, 2, '', 0),
(411, 19, 110, 9, 2, '', 0),
(412, 19, 111, 7, 2, '', 0),
(413, 19, 112, 0, 2, '', 0),
(414, 19, 113, 4, 2, '', 0),
(415, 19, 114, 6, 2, '', 0),
(416, 19, 115, 3, 2, '', 0),
(417, 19, 116, 9, 2, '', 0),
(418, 19, 117, 8, 2, '', 0),
(419, 19, 118, 6, 2, '', 0),
(420, 19, 119, 8, 2, '', 0),
(421, 19, 120, 7, 2, '', 0),
(422, 19, 121, 9, 2, '', 0),
(423, 19, 122, 10, 2, '', 0),
(424, 19, 123, 9, 2, '', 0),
(425, 19, 124, 8, 2, '', 0),
(426, 19, 125, 4, 2, '', 0),
(427, 19, 126, 10, 2, '', 0),
(428, 19, 127, 6, 2, '', 0),
(429, 20, 479, 6, 2, '', 0),
(430, 20, 480, 8, 2, '', 0),
(431, 20, 481, 7, 2, '', 0),
(432, 20, 482, 9.5, 2, '', 0),
(433, 20, 483, 0.01, 2, '', 0),
(434, 20, 484, 9, 2, '', 0),
(435, 20, 485, 0.01, 2, '', 0),
(436, 20, 486, 8, 2, '', 0),
(437, 20, 487, 8, 2, '', 0),
(438, 20, 488, 8, 2, '', 0),
(439, 20, 489, 9.5, 2, '', 0),
(440, 20, 490, 0, 2, 'retirada', 0),
(441, 20, 491, 9, 2, '', 0),
(442, 20, 492, 9, 2, '', 0),
(443, 20, 493, 0.01, 2, '', 0),
(444, 20, 494, 0.01, 2, '', 0),
(445, 20, 495, 8, 2, '', 0),
(446, 20, 496, 8, 2, '', 0),
(447, 20, 497, 9, 2, '', 0),
(448, 20, 498, 8, 2, '', 0),
(449, 20, 499, 8, 2, '', 0),
(450, 20, 500, 8, 2, '', 0),
(451, 20, 501, 0.01, 2, '', 0),
(452, 20, 502, 8, 2, '', 0),
(453, 20, 503, 9, 2, '', 0),
(454, 21, 479, 5, 2, '', 0),
(455, 21, 480, 9, 2, '', 0),
(456, 21, 481, 6, 2, '', 0),
(457, 21, 482, 9, 2, '', 0),
(458, 21, 483, 9, 2, '', 0),
(459, 21, 484, 7.5, 2, '', 0),
(460, 21, 485, 8.5, 2, '', 0),
(461, 21, 486, 8.5, 2, '', 0),
(462, 21, 487, 9.5, 2, '', 0),
(463, 21, 488, 8, 2, '', 0),
(464, 21, 489, 8.5, 2, '', 0),
(465, 21, 490, 0, 2, '', 0),
(466, 21, 491, 7.5, 2, '', 0),
(467, 21, 492, 9.5, 2, '', 0),
(468, 21, 493, 8.5, 2, '', 0),
(469, 21, 494, 8.5, 2, '', 0),
(470, 21, 495, 7.5, 2, '', 0),
(471, 21, 496, 1, 2, '', 0),
(472, 21, 497, 8.5, 2, '', 0),
(473, 21, 498, 7.5, 2, '', 0),
(474, 21, 499, 8, 2, '', 0),
(475, 21, 500, 8.5, 2, '', 0),
(476, 21, 501, 8.5, 2, '', 0),
(477, 21, 502, 9, 2, '', 0),
(478, 21, 503, 9, 2, '', 0),
(504, 23, 479, 7, 2, '', 0),
(505, 23, 480, 8, 2, '', 0),
(506, 23, 481, 9.5, 2, '', 0),
(507, 23, 482, 6, 2, '', 0),
(508, 23, 483, 3, 2, '', 0),
(509, 23, 484, 8, 2, '', 0),
(510, 23, 485, 2, 2, '', 0),
(511, 23, 486, 9, 2, '', 0),
(512, 23, 487, 8, 2, '', 0),
(513, 23, 488, 4, 2, '', 0),
(514, 23, 489, 9.5, 2, '', 0),
(515, 23, 490, 0, 2, '', 0),
(516, 23, 491, 2, 2, '', 0),
(517, 23, 492, 8, 2, '', 0),
(518, 23, 493, 9, 2, '', 0),
(519, 23, 494, 2, 2, '', 0),
(520, 23, 495, 8, 2, '', 0),
(521, 23, 496, 6, 2, '', 0),
(522, 23, 497, 8, 2, '', 0),
(523, 23, 498, 3, 2, '', 0),
(524, 23, 499, 6, 2, '', 0),
(525, 23, 500, 5, 2, '', 0),
(526, 23, 501, 2, 2, '', 0),
(527, 23, 502, 2, 2, '', 0),
(528, 23, 503, 8, 2, '', 0),
(529, 24, 479, 0.01, 2, '', 0),
(530, 24, 480, 6.6, 2, '', 0),
(531, 24, 481, 4, 2, '', 0),
(532, 24, 482, 8.4, 2, '', 0),
(533, 24, 483, 6, 2, '', 0),
(534, 24, 484, 7.8, 2, '', 0),
(535, 24, 485, 8, 2, '', 0),
(536, 24, 486, 8.6, 2, '', 0),
(537, 24, 487, 7.6, 2, '', 0),
(538, 24, 488, 6.8, 2, '', 0),
(539, 24, 489, 8.4, 2, '', 0),
(540, 24, 490, 0, 2, '', 0),
(541, 24, 491, 4, 2, '', 0),
(542, 24, 492, 6.8, 2, '', 0),
(543, 24, 493, 7, 2, '', 0),
(544, 24, 494, 6.2, 2, '', 0),
(545, 24, 495, 7.2, 2, '', 0),
(546, 24, 496, 0.01, 2, '', 0),
(547, 24, 497, 7, 2, '', 0),
(548, 24, 498, 7.6, 2, '', 0),
(549, 24, 499, 6.8, 2, '', 0),
(550, 24, 500, 5.6, 2, '', 0),
(551, 24, 501, 8, 2, '', 0),
(552, 24, 502, 0.01, 2, '', 0),
(553, 24, 503, 8.2, 2, '', 0),
(554, 25, 479, 8.7, 2, '', 0),
(555, 25, 480, 9.5, 2, '', 0),
(556, 25, 481, 8.5, 2, '', 0),
(557, 25, 482, 9.5, 2, '', 0),
(558, 25, 483, 9, 2, '', 0),
(559, 25, 484, 8.7, 2, '', 0),
(560, 25, 485, 8.7, 2, '', 0),
(561, 25, 486, 8.7, 2, '', 0),
(562, 25, 487, 7.5, 2, '', 0),
(563, 25, 488, 9, 2, '', 0),
(564, 25, 489, 8.5, 2, '', 0),
(565, 25, 490, 0, 2, '', 0),
(566, 25, 491, 7, 2, '', 0),
(567, 25, 492, 7.5, 2, '', 0),
(568, 25, 493, 8.7, 2, '', 0),
(569, 25, 494, 8, 2, '', 0),
(570, 25, 495, 8.7, 2, '', 0),
(571, 25, 496, 8.7, 2, '', 0),
(572, 25, 497, 7.5, 2, '', 0),
(573, 25, 498, 8.7, 2, '', 0),
(574, 25, 499, 8.7, 2, '', 0),
(575, 25, 500, 8.7, 2, '', 0),
(576, 25, 501, 9.5, 2, '', 0),
(577, 25, 502, 8.7, 2, '', 0),
(578, 25, 503, 8.7, 2, '', 0),
(579, 26, 479, 7, 2, '', 0),
(580, 26, 480, 9, 2, '', 0),
(581, 26, 481, 7, 2, '', 0),
(582, 26, 482, 7, 2, '', 0),
(583, 26, 483, 7, 2, '', 0),
(584, 26, 484, 9, 2, '', 0),
(585, 26, 485, 9, 2, '', 0),
(586, 26, 486, 7, 2, '', 0),
(587, 26, 487, 9, 2, '', 0),
(588, 26, 488, 9, 2, '', 0),
(589, 26, 489, 8, 2, '', 0),
(590, 26, 490, 0, 2, '', 0),
(591, 26, 491, 7, 2, '', 0),
(592, 26, 492, 9, 2, '', 0),
(593, 26, 493, 9, 2, '', 0),
(594, 26, 494, 9, 2, '', 0),
(595, 26, 495, 9, 2, '', 0),
(596, 26, 496, 8, 2, '', 0),
(597, 26, 497, 9, 2, '', 0),
(598, 26, 498, 7, 2, '', 0),
(599, 26, 499, 8, 2, '', 0),
(600, 26, 500, 8, 2, '', 0),
(601, 26, 501, 9, 2, '', 0),
(602, 26, 502, 9, 2, '', 0),
(603, 26, 503, 9, 2, '', 0),
(604, 27, 479, 0.01, 2, '', 0),
(605, 27, 480, 8, 2, '', 0),
(606, 27, 481, 8, 2, '', 0),
(607, 27, 482, 0.01, 2, '', 0),
(608, 27, 483, 10, 2, '', 0),
(609, 27, 484, 7, 2, '', 0),
(610, 27, 485, 10, 2, '', 0),
(611, 27, 486, 10, 2, '', 0),
(612, 27, 487, 10, 2, '', 0),
(613, 27, 488, 10, 2, '', 0),
(614, 27, 489, 8, 2, '', 0),
(615, 27, 490, 0, 2, '', 0),
(616, 27, 491, 7, 2, '', 0),
(617, 27, 492, 10, 2, '', 0),
(618, 27, 493, 10, 2, '', 0),
(619, 27, 494, 0.01, 2, '', 0),
(620, 27, 495, 10, 2, '', 0),
(621, 27, 496, 10, 2, '', 0),
(622, 27, 497, 7, 2, '', 0),
(623, 27, 498, 7, 2, '', 0),
(624, 27, 499, 2, 2, '', 0),
(625, 27, 500, 8, 2, '', 0),
(626, 27, 501, 7, 2, '', 0),
(627, 27, 502, 7, 2, '', 0),
(628, 27, 503, 8, 2, '', 0),
(629, 28, 479, 7, 2, '', 0),
(630, 28, 480, 10, 2, '', 0),
(631, 28, 481, 8, 2, '', 0),
(632, 28, 482, 10, 2, '', 0),
(633, 28, 483, 9, 2, '', 0),
(634, 28, 484, 8, 2, '', 0),
(635, 28, 485, 9.5, 2, '', 0),
(636, 28, 486, 9.5, 2, '', 0),
(637, 28, 487, 9, 2, '', 0),
(638, 28, 488, 8, 2, '', 0),
(639, 28, 489, 9.5, 2, '', 0),
(640, 28, 490, 0, 2, '', 0),
(641, 28, 491, 9.5, 2, '', 0),
(642, 28, 492, 9, 2, '', 0),
(643, 28, 493, 7.5, 2, '', 0),
(644, 28, 494, 10, 2, '', 0),
(645, 28, 495, 10, 2, '', 0),
(646, 28, 496, 7.4, 2, '', 0),
(647, 28, 497, 8, 2, '', 0),
(648, 28, 498, 8.3, 2, '', 0),
(649, 28, 499, 8, 2, '', 0),
(650, 28, 500, 9, 2, '', 0),
(651, 28, 501, 9.3, 2, '', 0),
(652, 28, 502, 10, 2, '', 0),
(653, 28, 503, 9, 2, '', 0),
(654, 29, 479, 6, 2, '', 0),
(655, 29, 480, 7, 2, '', 0),
(656, 29, 481, 4, 2, '', 0),
(657, 29, 482, 9, 2, '', 0),
(658, 29, 483, 6, 2, '', 0),
(659, 29, 484, 6, 2, '', 0),
(660, 29, 485, 6, 2, '', 0),
(661, 29, 486, 7, 2, '', 0),
(662, 29, 487, 7, 2, '', 0),
(663, 29, 488, 10, 2, '', 0),
(664, 29, 489, 8, 2, '', 0),
(665, 29, 490, 0, 2, '', 0),
(666, 29, 491, 5, 2, '', 0),
(667, 29, 492, 6, 2, '', 0),
(668, 29, 493, 7, 2, '', 0),
(669, 29, 494, 6, 2, '', 0),
(670, 29, 495, 8, 2, '', 0),
(671, 29, 496, 0.01, 2, 'sin libro', 0),
(672, 29, 497, 8, 2, '', 0),
(673, 29, 498, 8, 2, '', 0),
(674, 29, 499, 4, 2, '', 0),
(675, 29, 500, 6, 2, '', 0),
(676, 29, 501, 9, 2, '', 0),
(677, 29, 502, 7, 2, '', 0),
(678, 29, 503, 8, 2, '', 0),
(679, 30, 479, 9, 2, '', 0),
(680, 30, 480, 9, 2, '', 0),
(681, 30, 481, 6, 2, '', 0),
(682, 30, 482, 9, 2, '', 0),
(683, 30, 483, 8, 2, '', 0),
(684, 30, 484, 6, 2, '', 0),
(685, 30, 485, 7, 2, '', 0),
(686, 30, 486, 9, 2, '', 0),
(687, 30, 487, 7, 2, '', 0),
(688, 30, 488, 9.5, 2, '', 0),
(689, 30, 489, 10, 2, '', 0),
(690, 30, 490, 0, 2, '', 0),
(691, 30, 491, 7, 2, '', 0),
(692, 30, 492, 8, 2, '', 0),
(693, 30, 493, 9, 2, '', 0),
(694, 30, 494, 9, 2, '', 0),
(695, 30, 495, 8.5, 2, '', 0),
(696, 30, 496, 9, 2, '', 0),
(697, 30, 497, 8, 2, '', 0),
(698, 30, 498, 8, 2, '', 0),
(699, 30, 499, 7, 2, '', 0),
(700, 30, 500, 8, 2, '', 0),
(701, 30, 501, 7, 2, '', 0),
(702, 30, 502, 7, 2, '', 0),
(703, 30, 503, 8.5, 2, '', 0),
(704, 31, 479, 4, 2, '', 0),
(705, 31, 480, 8.8, 2, '', 0),
(706, 31, 481, 4.8, 2, '', 0),
(707, 31, 482, 9.6, 2, '', 0),
(708, 31, 483, 7.6, 2, '', 0),
(709, 31, 484, 8.2, 2, '', 0),
(710, 31, 485, 7, 2, '', 0),
(711, 31, 486, 8.8, 2, '', 0),
(712, 31, 487, 7.8, 2, '', 0),
(713, 31, 488, 7.8, 2, '', 0),
(714, 31, 489, 9.2, 2, '', 0),
(715, 31, 490, 0, 2, '', 0),
(716, 31, 491, 7.6, 2, '', 0),
(717, 31, 492, 7.2, 2, '', 0),
(718, 31, 493, 9.6, 2, '', 0),
(719, 31, 494, 8, 2, '', 0),
(720, 31, 495, 5, 2, '', 0),
(721, 31, 496, 7.5, 2, '', 0),
(722, 31, 497, 0, 2, '', 0),
(723, 31, 498, 6.6, 2, '', 0),
(724, 31, 499, 7.8, 2, '', 0),
(725, 31, 500, 2, 2, '', 0),
(726, 31, 501, 8.6, 2, '', 0),
(727, 31, 502, 8.6, 2, '', 0),
(728, 31, 503, 0, 2, '', 0),
(729, 32, 479, 8, 2, '', 0),
(730, 32, 480, 10, 2, '', 0),
(731, 32, 481, 9, 2, '', 0),
(732, 32, 482, 10, 2, '', 0),
(733, 32, 483, 10, 2, '', 0),
(734, 32, 484, 9.5, 2, '', 0),
(735, 32, 485, 10, 2, '', 0),
(736, 32, 486, 10, 2, '', 0),
(737, 32, 487, 10, 2, '', 0),
(738, 32, 488, 8, 2, '', 0),
(739, 32, 489, 9.5, 2, '', 0),
(740, 32, 490, 0, 2, '', 0),
(741, 32, 491, 9.5, 2, '', 0),
(742, 32, 492, 8, 2, '', 0),
(743, 32, 493, 9, 2, '', 0),
(744, 32, 494, 9, 2, '', 0),
(745, 32, 495, 9, 2, '', 0),
(746, 32, 496, 10, 2, '', 0),
(747, 32, 497, 9, 2, '', 0),
(748, 32, 498, 9.5, 2, '', 0),
(749, 32, 499, 9, 2, '', 0),
(750, 32, 500, 7, 2, '', 0),
(751, 32, 501, 10, 2, '', 0),
(752, 32, 502, 10, 2, '', 0),
(753, 32, 503, 9.8, 2, '', 0),
(754, 33, 479, 7.93, 2, '', 0),
(755, 33, 480, 8.1, 2, '', 0),
(756, 33, 481, 5.68, 2, '', 0),
(757, 33, 482, 10, 2, '', 0),
(758, 33, 483, 7.93, 2, '', 0),
(759, 33, 484, 7.93, 2, '', 0),
(760, 33, 485, 7.24, 2, '', 0),
(761, 33, 486, 10, 2, '', 0),
(762, 33, 487, 7.24, 2, '', 0),
(763, 33, 488, 9.13, 2, '', 0),
(764, 33, 489, 7.93, 2, '', 0),
(765, 33, 490, 0, 2, '', 0),
(766, 33, 491, 8.1, 2, '', 0),
(767, 33, 492, 9.13, 2, '', 0),
(768, 33, 493, 0, 2, '', 0),
(769, 33, 494, 7.24, 2, '', 0),
(770, 33, 495, 8.1, 2, '', 0),
(771, 33, 496, 5.68, 2, '', 0),
(772, 33, 497, 9.13, 2, '', 0),
(773, 33, 498, 10, 2, '', 0),
(774, 33, 499, 5.68, 2, '', 0),
(775, 33, 500, 6.1, 2, '', 0),
(776, 33, 501, 5.68, 2, '', 0),
(777, 33, 502, 9.13, 2, '', 0),
(778, 33, 503, 7.24, 2, '', 0),
(779, 34, 479, 7.5, 2, '', 0),
(780, 34, 480, 7.5, 2, '', 0),
(781, 34, 481, 8, 2, '', 0),
(782, 34, 482, 7.5, 2, '', 0),
(783, 34, 483, 2, 2, '', 0),
(784, 34, 484, 3, 2, '', 0),
(785, 34, 485, 8.5, 2, '', 0),
(786, 34, 486, 8, 2, '', 0),
(787, 34, 487, 8, 2, '', 0),
(788, 34, 488, 7, 2, '', 0),
(789, 34, 489, 8.5, 2, '', 0),
(790, 34, 490, 0, 2, '', 0),
(791, 34, 491, 6.5, 2, '', 0),
(792, 34, 492, 7, 2, '', 0),
(793, 34, 493, 5, 2, '', 0),
(794, 34, 494, 5.5, 2, '', 0),
(795, 34, 495, 4, 2, '', 0),
(796, 34, 496, 3, 2, '', 0),
(797, 34, 497, 7, 2, '', 0),
(798, 34, 498, 4, 2, '', 0),
(799, 34, 499, 6, 2, '', 0),
(800, 34, 500, 7, 2, '', 0),
(801, 34, 501, 7.5, 2, '', 0),
(802, 34, 502, 5.5, 2, '', 0),
(803, 34, 503, 4, 2, '', 0),
(804, 35, 479, 6, 2, '', 0),
(805, 35, 480, 9, 2, '', 0),
(806, 35, 481, 9, 2, '', 0),
(807, 35, 482, 6, 2, '', 0),
(808, 35, 483, 7, 2, '', 0),
(809, 35, 484, 8, 2, '', 0),
(810, 35, 485, 7, 2, '', 0),
(811, 35, 486, 6, 2, '', 0),
(812, 35, 487, 8, 2, '', 0),
(813, 35, 488, 9, 2, '', 0),
(814, 35, 489, 7, 2, '', 0),
(815, 35, 490, 0, 2, '', 0),
(816, 35, 491, 9, 2, '', 0),
(817, 35, 492, 8, 2, '', 0),
(818, 35, 493, 9, 2, '', 0),
(819, 35, 494, 8, 2, '', 0),
(820, 35, 495, 7, 2, '', 0),
(821, 35, 496, 9, 2, '', 0),
(822, 35, 497, 8, 2, '', 0),
(823, 35, 498, 6, 2, '', 0),
(824, 35, 499, 9, 2, '', 0),
(825, 35, 500, 6, 2, '', 0),
(826, 35, 501, 9, 2, '', 0),
(827, 35, 502, 9, 2, '', 0),
(828, 35, 503, 9, 2, '', 0),
(829, 36, 479, 9, 2, '', 0),
(830, 36, 480, 9.5, 2, '', 0),
(831, 36, 481, 9.5, 2, '', 0),
(832, 36, 482, 10, 2, '', 0),
(833, 36, 483, 8.5, 2, '', 0),
(834, 36, 484, 9, 2, '', 0),
(835, 36, 485, 8.5, 2, '', 0),
(836, 36, 486, 9.5, 2, '', 0),
(837, 36, 487, 9, 2, '', 0),
(838, 36, 488, 9, 2, '', 0),
(839, 36, 489, 9, 2, '', 0),
(840, 36, 490, 0, 2, '', 0),
(841, 36, 491, 10, 2, '', 0),
(842, 36, 492, 8.5, 2, '', 0),
(843, 36, 493, 8.5, 2, '', 0),
(844, 36, 494, 8.5, 2, '', 0),
(845, 36, 495, 10, 2, '', 0),
(846, 36, 496, 10, 2, '', 0),
(847, 36, 497, 8.5, 2, '', 0),
(848, 36, 498, 9.5, 2, '', 0),
(849, 36, 499, 9.5, 2, '', 0),
(850, 36, 500, 9.5, 2, '', 0),
(851, 36, 501, 10, 2, '', 0),
(852, 36, 502, 9, 2, '', 0),
(853, 36, 503, 9, 2, '', 0),
(854, 37, 479, 7, 2, '', 0),
(855, 37, 480, 9, 2, '', 0),
(856, 37, 481, 3, 2, '', 0),
(857, 37, 482, 9.5, 2, '', 0),
(858, 37, 483, 9, 2, '', 0),
(859, 37, 484, 9, 2, '', 0),
(860, 37, 485, 9, 2, '', 0),
(861, 37, 486, 9.5, 2, '', 0),
(862, 37, 487, 3, 2, '', 0),
(863, 37, 488, 9, 2, '', 0),
(864, 37, 489, 9, 2, '', 0),
(865, 37, 490, 0, 2, '', 0),
(866, 37, 491, 7, 2, '', 0),
(867, 37, 492, 9, 2, '', 0),
(868, 37, 493, 3, 2, '', 0),
(869, 37, 494, 9, 2, '', 0),
(870, 37, 495, 9, 2, '', 0),
(871, 37, 496, 9, 2, '', 0),
(872, 37, 497, 9, 2, '', 0),
(873, 37, 498, 3, 2, '', 0),
(874, 37, 499, 3, 2, '', 0),
(875, 37, 500, 9.5, 2, '', 0),
(876, 37, 501, 3, 2, '', 0),
(877, 37, 502, 9, 2, '', 0),
(878, 37, 503, 3, 2, '', 0),
(879, 38, 479, 0.01, 2, '', 0),
(880, 38, 480, 9, 2, '', 0),
(881, 38, 481, 10, 2, '', 0),
(882, 38, 482, 10, 2, '', 0),
(883, 38, 483, 7.5, 2, '', 0),
(884, 38, 484, 10, 2, '', 0),
(885, 38, 485, 2, 2, '', 0),
(886, 38, 486, 8.5, 2, '', 0),
(887, 38, 487, 9.5, 2, '', 0),
(888, 38, 488, 8.5, 2, '', 0),
(889, 38, 489, 9.5, 2, '', 0),
(890, 38, 490, 0, 2, '', 0),
(891, 38, 491, 9, 2, '', 0),
(892, 38, 492, 9.5, 2, '', 0),
(893, 38, 493, 9, 2, '', 0),
(894, 38, 494, 8, 2, '', 0),
(895, 38, 495, 9, 2, '', 0),
(896, 38, 496, 9, 2, '', 0),
(897, 38, 497, 9.5, 2, '', 0),
(898, 38, 498, 7, 2, '', 0),
(899, 38, 499, 8, 2, '', 0),
(900, 38, 500, 0.01, 2, '', 0),
(901, 38, 501, 7, 2, '', 0),
(902, 38, 502, 8, 2, '', 0),
(903, 38, 503, 8, 2, '', 0),
(904, 39, 479, 7, 2, '', 0),
(905, 39, 480, 9, 2, '', 0),
(906, 39, 481, 8, 2, '', 0),
(907, 39, 482, 10, 2, '', 0),
(908, 39, 483, 10, 2, '', 0),
(909, 39, 484, 9, 2, '', 0),
(910, 39, 485, 7.5, 2, '', 0),
(911, 39, 486, 10, 2, '', 0),
(912, 39, 487, 9, 2, '', 0),
(913, 39, 488, 7.5, 2, '', 0),
(914, 39, 489, 10, 2, '', 0),
(915, 39, 490, 0, 2, '', 0),
(916, 39, 491, 8.5, 2, '', 0),
(917, 39, 492, 10, 2, '', 0),
(918, 39, 493, 10, 2, '', 0),
(919, 39, 494, 9.8, 2, '', 0),
(920, 39, 495, 9, 2, '', 0),
(921, 39, 496, 7, 2, '', 0),
(922, 39, 497, 0, 2, '', 0),
(923, 39, 498, 9.8, 2, '', 0),
(924, 39, 499, 8, 2, '', 0),
(925, 39, 500, 7.5, 2, '', 0),
(926, 39, 501, 8, 2, '', 0),
(927, 39, 502, 9, 2, '', 0),
(928, 39, 503, 7.5, 2, '', 0),
(929, 40, 479, 1.5, 2, '', 0),
(930, 40, 480, 7, 2, '', 0),
(931, 40, 481, 3, 2, '', 0),
(932, 40, 482, 7, 2, '', 0),
(933, 40, 483, 6, 2, '', 0),
(934, 40, 484, 4.5, 2, '', 0),
(935, 40, 485, 1.5, 2, '', 0),
(936, 40, 486, 6, 2, '', 0),
(937, 40, 487, 3.5, 2, '', 0),
(938, 40, 488, 6, 2, '', 0),
(939, 40, 489, 8.5, 2, '', 0),
(940, 40, 490, 0, 2, '', 0),
(941, 40, 491, 3, 2, '', 0),
(942, 40, 492, 3, 2, '', 0),
(943, 40, 493, 8.5, 2, '', 0),
(944, 40, 494, 4, 2, '', 0),
(945, 40, 495, 3.5, 2, '', 0),
(946, 40, 496, 3, 2, '', 0),
(947, 40, 497, 2.5, 2, '', 0),
(948, 40, 498, 5, 2, '', 0),
(949, 40, 499, 4, 2, '', 0),
(950, 40, 500, 3.5, 2, '', 0),
(951, 40, 501, 6, 2, '', 0),
(952, 40, 502, 6, 2, '', 0),
(953, 40, 503, 2.5, 2, '', 0),
(954, 41, 479, 3.65, 2, '', 0),
(955, 41, 480, 6.6, 2, '', 0),
(956, 41, 481, 4.85, 2, '', 0),
(957, 41, 482, 8.05, 2, '', 0),
(958, 41, 483, 7.55, 2, '', 0),
(959, 41, 484, 6.2, 2, '', 0),
(960, 41, 485, 5.3, 2, '', 0),
(961, 41, 486, 7.6, 2, '', 0),
(962, 41, 487, 6.3, 2, '', 0),
(963, 41, 488, 6.45, 2, '', 0),
(964, 41, 489, 9.3, 2, '', 0),
(965, 41, 490, 0, 2, '', 0),
(966, 41, 491, 6.05, 2, '', 0),
(967, 41, 492, 6.95, 2, '', 0),
(968, 41, 493, 7.1, 2, '', 0),
(969, 41, 494, 6.8, 2, '', 0),
(970, 41, 495, 6.25, 2, '', 0),
(971, 41, 496, 6.8, 2, '', 0),
(972, 41, 497, 6.7, 2, '', 0),
(973, 41, 498, 5.65, 2, '', 0),
(974, 41, 499, 5.25, 2, '', 0),
(975, 41, 500, 5.54, 2, '', 0),
(976, 41, 501, 5.7, 2, '', 0),
(977, 41, 502, 6.8, 2, '', 0),
(978, 41, 503, 6.25, 2, '', 0),
(979, 42, 504, 6, 2, '', 0),
(980, 42, 505, 0.01, 2, '', 0),
(981, 42, 506, 0.01, 2, '', 0),
(982, 42, 507, 8, 2, '', 0),
(983, 42, 508, 0.01, 2, '', 0),
(984, 42, 509, 7, 2, '', 0),
(985, 42, 510, 0.01, 2, '', 0),
(986, 42, 511, 9, 2, '', 0),
(987, 42, 512, 7, 2, '', 0),
(988, 42, 513, 10, 2, '', 0),
(989, 42, 514, 7.5, 2, '', 0),
(990, 42, 515, 9.5, 2, '', 0),
(991, 42, 516, 9, 2, '', 0),
(992, 42, 517, 7, 2, '', 0),
(993, 42, 518, 9, 2, '', 0),
(994, 42, 519, 8, 2, '', 0),
(995, 42, 520, 7.5, 2, '', 0),
(996, 42, 521, 0.01, 2, '', 0),
(997, 42, 522, 8, 2, '', 0),
(998, 42, 523, 9, 2, '', 0),
(999, 42, 524, 7, 2, '', 0),
(1000, 42, 525, 7, 2, '', 0),
(1001, 42, 526, 8, 2, '', 0),
(1002, 42, 527, 7, 2, '', 0),
(1003, 42, 528, 8.5, 2, '', 0),
(1004, 43, 504, 10, 2, '', 0),
(1005, 43, 505, 8.5, 2, '', 0),
(1006, 43, 506, 10, 2, '', 0),
(1007, 43, 507, 9, 2, '', 0),
(1008, 43, 508, 9.5, 2, '', 0),
(1009, 43, 509, 9.5, 2, '', 0),
(1010, 43, 510, 8, 2, '', 0),
(1011, 43, 511, 9.5, 2, '', 0),
(1012, 43, 512, 10, 2, '', 0),
(1013, 43, 513, 9.6, 2, '', 0),
(1014, 43, 514, 8.5, 2, '', 0),
(1015, 43, 515, 9.5, 2, '', 0),
(1016, 43, 516, 8, 2, '', 0),
(1017, 43, 517, 9.5, 2, '', 0),
(1018, 43, 518, 10, 2, '', 0),
(1019, 43, 519, 9.5, 2, '', 0),
(1020, 43, 520, 10, 2, '', 0),
(1021, 43, 521, 7, 2, '', 0),
(1022, 43, 522, 7, 2, '', 0),
(1023, 43, 523, 9.5, 2, '', 0),
(1024, 43, 524, 8.5, 2, '', 0),
(1025, 43, 525, 7.5, 2, '', 0),
(1026, 43, 526, 9.5, 2, '', 0),
(1027, 43, 527, 9.5, 2, '', 0),
(1028, 43, 528, 9.5, 2, '', 0),
(1029, 44, 504, 7.8, 2, '', 0),
(1030, 44, 505, 8.2, 2, '', 0),
(1031, 44, 506, 5.8, 2, '', 0),
(1032, 44, 507, 5.8, 2, '', 0),
(1033, 44, 508, 2.2, 2, '', 0),
(1034, 44, 509, 5.6, 2, '', 0),
(1035, 44, 510, 2.8, 2, '', 0),
(1036, 44, 511, 8, 2, '', 0),
(1037, 44, 512, 6.8, 2, '', 0),
(1038, 44, 513, 7.2, 2, '', 0),
(1039, 44, 514, 7.2, 2, '', 0),
(1040, 44, 515, 7.8, 2, '', 0),
(1041, 44, 516, 7, 2, '', 0),
(1042, 44, 517, 8.6, 2, '', 0),
(1043, 44, 518, 8.6, 2, '', 0),
(1044, 44, 519, 9.6, 2, '', 0),
(1045, 44, 520, 7.2, 2, '', 0),
(1046, 44, 521, 5, 2, '', 0),
(1047, 44, 522, 7.6, 2, '', 0),
(1048, 44, 523, 9, 2, '', 0),
(1049, 44, 524, 7.2, 2, '', 0),
(1050, 44, 525, 8, 2, '', 0),
(1051, 44, 526, 8.4, 2, '', 0),
(1052, 44, 527, 8.4, 2, '', 0),
(1053, 44, 528, 7.8, 2, '', 0),
(1054, 45, 504, 10, 2, '', 0),
(1055, 45, 505, 10, 2, '', 0),
(1056, 45, 506, 10, 2, '', 0),
(1057, 45, 507, 10, 2, '', 0),
(1058, 45, 508, 10, 2, '', 0),
(1059, 45, 509, 10, 2, '', 0),
(1060, 45, 510, 10, 2, '', 0),
(1061, 45, 511, 10, 2, '', 0),
(1062, 45, 512, 10, 2, '', 0),
(1063, 45, 513, 10, 2, '', 0),
(1064, 45, 514, 10, 2, '', 0),
(1065, 45, 515, 10, 2, '', 0),
(1066, 45, 516, 10, 2, '', 0),
(1067, 45, 517, 10, 2, '', 0),
(1068, 45, 518, 10, 2, '', 0),
(1069, 45, 519, 10, 2, '', 0),
(1070, 45, 520, 10, 2, '', 0),
(1071, 45, 521, 10, 2, '', 0),
(1072, 45, 522, 10, 2, '', 0),
(1073, 45, 523, 10, 2, '', 0),
(1074, 45, 524, 10, 2, '', 0),
(1075, 45, 525, 8, 2, '', 0),
(1076, 45, 526, 10, 2, '', 0),
(1077, 45, 527, 0.01, 2, '', 0),
(1078, 45, 528, 8, 2, '', 0),
(1079, 46, 504, 0.01, 2, '', 0),
(1080, 46, 505, 9.5, 2, '', 0),
(1081, 46, 506, 1, 2, '', 0),
(1082, 46, 507, 3, 2, '', 0),
(1083, 46, 508, 5, 2, '', 0),
(1084, 46, 509, 3, 2, '', 0),
(1085, 46, 510, 5, 2, '', 0),
(1086, 46, 511, 0.01, 2, '', 0),
(1087, 46, 512, 1, 2, '', 0),
(1088, 46, 513, 9, 2, '', 0),
(1089, 46, 514, 9, 2, '', 0),
(1090, 46, 515, 7, 2, '', 0),
(1091, 46, 516, 5, 2, '', 0),
(1092, 46, 517, 7, 2, '', 0),
(1093, 46, 518, 9, 2, '', 0),
(1094, 46, 519, 6, 2, '', 0),
(1095, 46, 520, 4, 2, '', 0),
(1096, 46, 521, 5, 2, '', 0),
(1097, 46, 522, 3, 2, '', 0),
(1098, 46, 523, 5, 2, '', 0),
(1099, 46, 524, 5, 2, '', 0),
(1100, 46, 525, 4, 2, '', 0),
(1101, 46, 526, 5, 2, '', 0),
(1102, 46, 527, 0.01, 2, '', 0),
(1103, 46, 528, 8, 2, '', 0),
(1104, 47, 504, 7, 2, '', 0),
(1105, 47, 505, 7, 2, '', 0),
(1106, 47, 506, 0.01, 2, '', 0),
(1107, 47, 507, 9, 2, '', 0),
(1108, 47, 508, 0.01, 2, '', 0),
(1109, 47, 509, 8, 2, '', 0),
(1110, 47, 510, 9, 2, '', 0),
(1111, 47, 511, 7, 2, '', 0),
(1112, 47, 512, 7, 2, '', 0),
(1113, 47, 513, 10, 2, '', 0),
(1114, 47, 514, 8, 2, '', 0),
(1115, 47, 515, 8, 2, '', 0),
(1116, 47, 516, 10, 2, '', 0),
(1117, 47, 517, 7, 2, '', 0),
(1118, 47, 518, 8, 2, '', 0),
(1119, 47, 519, 10, 2, '', 0),
(1120, 47, 520, 8, 2, '', 0),
(1121, 47, 521, 7, 2, '', 0),
(1122, 47, 522, 7, 2, '', 0),
(1123, 47, 523, 8, 2, '', 0),
(1124, 47, 524, 10, 2, '', 0),
(1125, 47, 525, 8, 2, '', 0),
(1126, 47, 526, 10, 2, '', 0),
(1127, 47, 527, 8, 2, '', 0),
(1128, 47, 528, 7, 2, '', 0),
(1129, 48, 504, 7, 2, '', 0),
(1130, 48, 505, 5, 2, '', 0),
(1131, 48, 506, 9, 2, '', 0),
(1132, 48, 507, 7, 2, '', 0),
(1133, 48, 508, 0.01, 2, '', 0),
(1134, 48, 509, 9.5, 2, '', 0),
(1135, 48, 510, 9, 2, '', 0),
(1136, 48, 511, 8.5, 2, '', 0),
(1137, 48, 512, 9, 2, '', 0),
(1138, 48, 513, 7.5, 2, '', 0),
(1139, 48, 514, 6.5, 2, '', 0),
(1140, 48, 515, 7.5, 2, '', 0),
(1141, 48, 516, 0.01, 2, '', 0),
(1142, 48, 517, 7.5, 2, '', 0),
(1143, 48, 518, 9, 2, '', 0),
(1144, 48, 519, 9.5, 2, '', 0),
(1145, 48, 520, 9, 2, '', 0),
(1146, 48, 521, 7, 2, '', 0),
(1147, 48, 522, 4.5, 2, '', 0),
(1148, 48, 523, 10, 2, '', 0),
(1149, 48, 524, 9.5, 2, '', 0),
(1150, 48, 525, 8, 2, '', 0),
(1151, 48, 526, 8, 2, '', 0),
(1152, 48, 527, 0.01, 2, '', 0),
(1153, 48, 528, 9.5, 2, '', 0),
(1154, 49, 504, 0.01, 2, '', 0),
(1155, 49, 505, 0.01, 2, '', 0),
(1156, 49, 506, 0.01, 2, '', 0),
(1157, 49, 507, 0.01, 2, '', 0),
(1158, 49, 508, 0.01, 2, '', 0),
(1159, 49, 509, 6, 2, '', 0),
(1160, 49, 510, 8, 2, '', 0),
(1161, 49, 511, 8.4, 2, '', 0),
(1162, 49, 512, 9.2, 2, '', 0),
(1163, 49, 513, 7.4, 2, '', 0),
(1164, 49, 514, 4, 2, '', 0),
(1165, 49, 515, 8.4, 2, '', 0),
(1166, 49, 516, 0.01, 2, '', 0),
(1167, 49, 517, 9.2, 2, '', 0),
(1168, 49, 518, 9.6, 2, '', 0),
(1169, 49, 519, 7, 2, '', 0),
(1170, 49, 520, 5.4, 2, '', 0),
(1171, 49, 521, 5, 2, '', 0),
(1172, 49, 522, 0.01, 2, '', 0),
(1173, 49, 523, 5.4, 2, '', 0),
(1174, 49, 524, 9.6, 2, '', 0),
(1175, 49, 525, 5, 2, '', 0),
(1176, 49, 526, 9.2, 2, '', 0),
(1177, 49, 527, 5, 2, '', 0),
(1178, 49, 528, 5, 2, '', 0),
(1179, 50, 504, 5, 2, '', 0),
(1180, 50, 505, 8, 2, '', 0),
(1181, 50, 506, 8.8, 2, '', 0),
(1182, 50, 507, 6, 2, '', 0),
(1183, 50, 508, 8.5, 2, '', 0),
(1184, 50, 509, 4.8, 2, '', 0),
(1185, 50, 510, 7.5, 2, '', 0),
(1186, 50, 511, 9.8, 2, '', 0),
(1187, 50, 512, 6.8, 2, '', 0),
(1188, 50, 513, 8.8, 2, '', 0),
(1189, 50, 514, 6.8, 2, '', 0),
(1190, 50, 515, 9.8, 2, '', 0),
(1191, 50, 516, 8, 2, '', 0),
(1192, 50, 517, 8.4, 2, '', 0),
(1193, 50, 518, 9.2, 2, '', 0),
(1194, 50, 519, 8.8, 2, '', 0),
(1195, 50, 520, 9.6, 2, '', 0),
(1196, 50, 521, 10, 2, '', 0),
(1197, 50, 522, 9, 2, '', 0),
(1198, 50, 523, 9, 2, '', 0),
(1199, 50, 524, 6, 2, '', 0),
(1200, 50, 525, 8, 2, '', 0),
(1201, 50, 526, 9, 2, '', 0),
(1202, 50, 527, 9.5, 2, '', 0),
(1203, 50, 528, 8, 2, '', 0),
(1204, 51, 504, 6.8, 2, '', 0),
(1205, 51, 505, 6.2, 2, '', 0),
(1206, 51, 506, 5.6, 2, '', 0),
(1207, 51, 507, 7.8, 2, '', 0),
(1208, 51, 508, 8.4, 2, '', 0),
(1209, 51, 509, 7.6, 2, '', 0),
(1210, 51, 510, 3, 2, '', 0),
(1211, 51, 511, 7.2, 2, '', 0),
(1212, 51, 512, 7.6, 2, '', 0),
(1213, 51, 513, 9.2, 2, '', 0),
(1214, 51, 514, 6.8, 2, '', 0),
(1215, 51, 515, 8.2, 2, '', 0),
(1216, 51, 516, 6.4, 2, '', 0),
(1217, 51, 517, 8.2, 2, '', 0),
(1218, 51, 518, 9.4, 2, '', 0),
(1219, 51, 519, 7.8, 2, '', 0),
(1220, 51, 520, 8.4, 2, '', 0),
(1221, 51, 521, 8.2, 2, '', 0),
(1222, 51, 522, 7.8, 2, '', 0),
(1223, 51, 523, 9.6, 2, '', 0),
(1224, 51, 524, 8.6, 2, '', 0),
(1225, 51, 525, 7, 2, '', 0),
(1226, 51, 526, 4, 2, '', 0),
(1227, 51, 527, 5.4, 2, '', 0),
(1228, 51, 528, 8.6, 2, '', 0),
(1229, 52, 504, 7.5, 2, '', 0),
(1230, 52, 505, 8.5, 2, '', 0),
(1231, 52, 506, 5.5, 2, '', 0),
(1232, 52, 507, 6, 2, '', 0),
(1233, 52, 508, 6.5, 2, '', 0),
(1234, 52, 509, 7, 2, '', 0),
(1235, 52, 510, 5.5, 2, '', 0),
(1236, 52, 511, 7, 2, '', 0),
(1237, 52, 512, 4.5, 2, '', 0),
(1238, 52, 513, 8.5, 2, '', 0),
(1239, 52, 514, 6, 2, '', 0),
(1240, 52, 515, 6, 2, '', 0),
(1241, 52, 516, 5.5, 2, '', 0),
(1242, 52, 517, 6.5, 2, '', 0),
(1243, 52, 518, 9, 2, '', 0),
(1244, 52, 519, 7, 2, '', 0),
(1245, 52, 520, 6.5, 2, '', 0),
(1246, 52, 521, 6, 2, '', 0),
(1247, 52, 522, 5.5, 2, '', 0),
(1248, 52, 523, 8.5, 2, '', 0),
(1249, 52, 524, 5, 2, '', 0),
(1250, 52, 525, 6, 2, '', 0),
(1251, 52, 526, 1, 2, '', 0),
(1252, 52, 527, 7, 2, '', 0),
(1253, 52, 528, 8, 2, '', 0),
(1254, 53, 504, 8.5, 2, '', 0),
(1255, 53, 505, 7.9, 2, '', 0),
(1256, 53, 506, 5.6, 2, '', 0),
(1257, 53, 507, 7.8, 2, '', 0),
(1258, 53, 508, 8.3, 2, '', 0),
(1259, 53, 509, 8.2, 2, '', 0),
(1260, 53, 510, 5, 2, '', 0),
(1261, 53, 511, 6.6, 2, '', 0),
(1262, 53, 512, 9.1, 2, '', 0),
(1263, 53, 513, 10, 2, '', 0),
(1264, 53, 514, 8.6, 2, '', 0),
(1265, 53, 515, 8, 2, '', 0),
(1266, 53, 516, 7, 2, '', 0),
(1267, 53, 517, 8.1, 2, '', 0),
(1268, 53, 518, 10, 2, '', 0),
(1269, 53, 519, 8, 2, '', 0),
(1270, 53, 520, 8, 2, '', 0),
(1271, 53, 521, 10, 2, '', 0),
(1272, 53, 522, 7.2, 2, '', 0),
(1273, 53, 523, 8.5, 2, '', 0),
(1274, 53, 524, 8.8, 2, '', 0),
(1275, 53, 525, 8, 2, '', 0),
(1276, 53, 526, 8.4, 2, '', 0),
(1277, 53, 527, 8, 2, '', 0),
(1278, 53, 528, 8.8, 2, '', 0),
(1279, 54, 504, 9.68, 2, '', 0),
(1280, 54, 505, 9.68, 2, '', 0),
(1281, 54, 506, 4.84, 2, '', 0),
(1282, 54, 507, 9.21, 2, '', 0),
(1283, 54, 508, 4.84, 2, '', 0),
(1284, 54, 509, 9.37, 2, '', 0),
(1285, 54, 510, 9.37, 2, '', 0),
(1286, 54, 511, 10, 2, '', 0),
(1287, 54, 512, 7.5, 2, '', 0),
(1288, 54, 513, 9.68, 2, '', 0),
(1289, 54, 514, 7.5, 2, '', 0),
(1290, 54, 515, 10, 2, '', 0),
(1291, 54, 516, 4.84, 2, '', 0),
(1292, 54, 517, 7.5, 2, '', 0),
(1293, 54, 518, 9.21, 2, '', 0),
(1294, 54, 519, 9.37, 2, '', 0),
(1295, 54, 520, 9.37, 2, '', 0),
(1296, 54, 521, 9.21, 2, '', 0),
(1297, 54, 522, 4.84, 2, '', 0),
(1298, 54, 523, 9.68, 2, '', 0),
(1299, 54, 524, 10, 2, '', 0),
(1300, 54, 525, 7.5, 2, '', 0),
(1301, 54, 526, 9.21, 2, '', 0),
(1302, 54, 527, 10, 2, '', 0),
(1303, 54, 528, 9.68, 2, '', 0),
(1304, 55, 504, 9, 2, '', 0),
(1305, 55, 505, 7, 2, '', 0),
(1306, 55, 506, 0, 2, '', 0),
(1307, 55, 507, 10, 2, '', 0),
(1308, 55, 508, 9, 2, '', 0),
(1309, 55, 509, 10, 2, '', 0),
(1310, 55, 510, 10, 2, '', 0),
(1311, 55, 511, 10, 2, '', 0),
(1312, 55, 512, 10, 2, '', 0),
(1313, 55, 513, 10, 2, '', 0),
(1314, 55, 514, 9, 2, '', 0),
(1315, 55, 515, 9, 2, '', 0),
(1316, 55, 516, 10, 2, '', 0),
(1317, 55, 517, 5.5, 2, '', 0),
(1318, 55, 518, 10, 2, '', 0),
(1319, 55, 519, 10, 2, '', 0),
(1320, 55, 520, 10, 2, '', 0),
(1321, 55, 521, 10, 2, '', 0),
(1322, 55, 522, 9, 2, '', 0),
(1323, 55, 523, 10, 2, '', 0),
(1324, 55, 524, 10, 2, '', 0),
(1325, 55, 525, 9, 2, '', 0),
(1326, 55, 526, 10, 2, '', 0),
(1327, 55, 527, 9.5, 2, '', 0),
(1328, 55, 528, 9, 2, '', 0),
(1329, 56, 504, 9.2, 2, '', 0),
(1330, 56, 505, 9, 2, '', 0),
(1331, 56, 506, 9.4, 2, '', 0),
(1332, 56, 507, 9.2, 2, '', 0),
(1333, 56, 508, 0, 2, '', 0),
(1334, 56, 509, 9.2, 2, '', 0),
(1335, 56, 510, 10, 2, '', 0),
(1336, 56, 511, 9.4, 2, '', 0),
(1337, 56, 512, 9.8, 2, '', 0),
(1338, 56, 513, 9.2, 2, '', 0),
(1339, 56, 514, 9.2, 2, '', 0),
(1340, 56, 515, 9.2, 2, '', 0),
(1341, 56, 516, 8.6, 2, '', 0),
(1342, 56, 517, 9.4, 2, '', 0),
(1343, 56, 518, 9.8, 2, '', 0),
(1344, 56, 519, 10, 2, '', 0),
(1345, 56, 520, 10, 2, '', 0),
(1346, 56, 521, 9.8, 2, '', 0),
(1347, 56, 522, 8.6, 2, '', 0),
(1348, 56, 523, 9, 2, '', 0),
(1349, 56, 524, 9.2, 2, '', 0),
(1350, 56, 525, 8.6, 2, '', 0),
(1351, 56, 526, 9.2, 2, '', 0),
(1352, 56, 527, 9.2, 2, '', 0),
(1353, 56, 528, 9, 2, '', 0),
(1354, 57, 504, 9.5, 2, '', 0),
(1355, 57, 505, 9, 2, '', 0),
(1356, 57, 506, 9, 2, '', 0),
(1357, 57, 507, 9, 2, '', 0),
(1358, 57, 508, 0, 2, '', 0),
(1359, 57, 509, 9.5, 2, '', 0),
(1360, 57, 510, 9, 2, '', 0),
(1361, 57, 511, 9, 2, '', 0),
(1362, 57, 512, 9.5, 2, '', 0),
(1363, 57, 513, 9, 2, '', 0),
(1364, 57, 514, 9, 2, '', 0),
(1365, 57, 515, 9.5, 2, '', 0),
(1366, 57, 516, 9, 2, '', 0),
(1367, 57, 517, 9.5, 2, '', 0),
(1368, 57, 518, 9, 2, '', 0),
(1369, 57, 519, 9, 2, '', 0),
(1370, 57, 520, 9.8, 2, '', 0),
(1371, 57, 521, 5, 2, '', 0),
(1372, 57, 522, 9, 2, '', 0),
(1373, 57, 523, 9.8, 2, '', 0),
(1374, 57, 524, 9, 2, '', 0),
(1375, 57, 525, 9, 2, '', 0),
(1376, 57, 526, 9.5, 2, '', 0),
(1377, 57, 527, 9, 2, '', 0),
(1378, 57, 528, 9.8, 2, '', 0),
(1379, 58, 504, 7, 2, '', 0),
(1380, 58, 505, 7, 2, '', 0),
(1381, 58, 506, 8, 2, '', 0),
(1382, 58, 507, 9, 2, '', 0),
(1383, 58, 508, 7.5, 2, '', 0),
(1384, 58, 509, 8.5, 2, '', 0),
(1385, 58, 510, 8, 2, '', 0),
(1386, 58, 511, 8.5, 2, '', 0),
(1387, 58, 512, 8.5, 2, '', 0),
(1388, 58, 513, 8, 2, '', 0),
(1389, 58, 514, 9, 2, '', 0),
(1390, 58, 515, 8.5, 2, '', 0),
(1391, 58, 516, 7.5, 2, '', 0),
(1392, 58, 517, 9, 2, '', 0),
(1393, 58, 518, 9.8, 2, '', 0),
(1394, 58, 519, 7, 2, '', 0),
(1395, 58, 520, 7, 2, '', 0),
(1396, 58, 521, 7.5, 2, '', 0),
(1397, 58, 522, 9, 2, '', 0),
(1398, 58, 523, 10, 2, '', 0),
(1399, 58, 524, 7.5, 2, '', 0),
(1400, 58, 525, 9.5, 2, '', 0),
(1401, 58, 526, 8, 2, '', 0),
(1402, 58, 527, 8, 2, '', 0),
(1403, 58, 528, 9.5, 2, '', 0),
(1404, 59, 504, 0, 2, '', 0),
(1405, 59, 505, 2, 2, '', 0),
(1406, 59, 506, 1.5, 2, '', 0),
(1407, 59, 507, 4, 2, '', 0),
(1408, 59, 508, 6, 2, '', 0),
(1409, 59, 509, 2, 2, '', 0),
(1410, 59, 510, 0.5, 2, '', 0),
(1411, 59, 511, 6, 2, '', 0),
(1412, 59, 512, 2.5, 2, '', 0),
(1413, 59, 513, 5.5, 2, '', 0),
(1414, 59, 514, 3, 2, '', 0),
(1415, 59, 515, 10, 2, '', 0),
(1416, 59, 516, 3, 2, '', 0),
(1417, 59, 517, 6, 2, '', 0),
(1418, 59, 518, 10, 2, '', 0),
(1419, 59, 519, 3.5, 2, '', 0),
(1420, 59, 520, 4, 2, '', 0),
(1421, 59, 521, 1.5, 2, '', 0),
(1422, 59, 522, 1.5, 2, '', 0),
(1423, 59, 523, 9.5, 2, '', 0),
(1424, 59, 524, 4, 2, '', 0),
(1425, 59, 525, 4, 2, '', 0),
(1426, 59, 526, 1.5, 2, '', 0),
(1427, 59, 527, 0, 2, '', 0),
(1428, 59, 528, 9, 2, '', 0),
(1429, 60, 504, 6.15, 2, '', 0),
(1430, 60, 505, 6.4, 2, '', 0),
(1431, 60, 506, 5.1, 2, '', 0),
(1432, 60, 507, 6.45, 2, '', 0),
(1433, 60, 508, 5.95, 2, '', 0),
(1434, 60, 509, 6.7, 2, '', 0),
(1435, 60, 510, 4.7, 2, '', 0),
(1436, 60, 511, 8.75, 2, '', 0),
(1437, 60, 512, 6.7, 2, '', 0),
(1438, 60, 513, 8.2, 2, '', 0),
(1439, 60, 514, 6.55, 2, '', 0),
(1440, 60, 515, 7.95, 2, '', 0),
(1441, 60, 516, 8, 2, '', 0),
(1442, 60, 517, 6.35, 2, '', 0),
(1443, 60, 518, 9, 2, '', 0),
(1444, 60, 519, 6.75, 2, '', 0),
(1445, 60, 520, 6.25, 2, '', 0),
(1446, 60, 521, 5.1, 2, '', 0),
(1447, 60, 522, 5.9, 2, '', 0),
(1448, 60, 523, 8.1, 2, '', 0),
(1449, 60, 524, 6.5, 2, '', 0),
(1450, 60, 525, 4.95, 2, '', 0),
(1451, 60, 526, 6.1, 2, '', 0),
(1452, 60, 527, 5.4, 2, '', 0),
(1453, 60, 528, 6.6, 2, '', 0),
(1476, 62, 148, 10, 2, '', 0),
(1477, 62, 149, 8.8, 2, '', 0),
(1478, 62, 150, 10, 2, '', 0),
(1479, 62, 151, 0.01, 2, '', 0),
(1480, 62, 152, 10, 2, '', 0),
(1481, 62, 153, 8, 2, '', 0),
(1482, 62, 154, 9.4, 2, '', 0),
(1483, 62, 155, 8.6, 2, '', 0),
(1484, 62, 156, 9, 2, '', 0),
(1485, 62, 157, 9, 2, '', 0),
(1486, 62, 158, 10, 2, '', 0),
(1487, 62, 159, 9.6, 2, '', 0),
(1488, 62, 160, 10, 2, '', 0),
(1489, 62, 161, 9, 2, '', 0),
(1490, 62, 162, 9, 2, '', 0),
(1491, 62, 163, 10, 2, '', 0),
(1492, 62, 164, 0.01, 2, '', 0),
(1493, 62, 165, 10, 2, '', 0),
(1494, 62, 166, 7, 2, '', 0),
(1495, 62, 167, 10, 2, '', 0),
(1496, 62, 168, 10, 2, '', 0),
(1497, 62, 169, 10, 2, '', 0),
(1498, 63, 148, 7, 2, '', 0),
(1499, 63, 149, 5, 2, '', 0),
(1500, 63, 150, 10, 2, '', 0),
(1501, 63, 151, 7.5, 2, '', 0),
(1502, 63, 152, 0.01, 2, '', 0),
(1503, 63, 153, 7.5, 2, '', 0),
(1504, 63, 154, 9, 2, '', 0),
(1505, 63, 155, 5, 2, '', 0),
(1506, 63, 156, 7.5, 2, '', 0),
(1507, 63, 157, 10, 2, '', 0),
(1508, 63, 158, 10, 2, '', 0),
(1509, 63, 159, 10, 2, '', 0),
(1510, 63, 160, 7, 2, '', 0),
(1511, 63, 161, 10, 2, '', 0),
(1512, 63, 162, 10, 2, '', 0),
(1513, 63, 163, 7.5, 2, '', 0),
(1514, 63, 164, 7.5, 2, '', 0),
(1515, 63, 165, 10, 2, '', 0),
(1516, 63, 166, 10, 2, '', 0),
(1517, 63, 167, 7.5, 2, '', 0),
(1518, 63, 168, 10, 2, '', 0),
(1519, 63, 169, 0.01, 2, '', 0),
(1520, 64, 148, 10, 2, '', 0),
(1521, 64, 149, 10, 2, '', 0),
(1522, 64, 150, 10, 2, '', 0),
(1523, 64, 151, 7, 2, '', 0),
(1524, 64, 152, 0.01, 2, '', 0),
(1525, 64, 153, 10, 2, '', 0),
(1526, 64, 154, 0.01, 2, '', 0),
(1527, 64, 155, 10, 2, '', 0),
(1528, 64, 156, 10, 2, '', 0),
(1529, 64, 157, 10, 2, '', 0),
(1530, 64, 158, 10, 2, '', 0),
(1531, 64, 159, 10, 2, '', 0),
(1532, 64, 160, 7, 2, '', 0),
(1533, 64, 161, 7, 2, '', 0),
(1534, 64, 162, 7, 2, '', 0),
(1535, 64, 163, 10, 2, '', 0),
(1536, 64, 164, 8, 2, '', 0),
(1537, 64, 165, 7, 2, '', 0),
(1538, 64, 166, 10, 2, '', 0),
(1539, 64, 167, 7, 2, '', 0),
(1540, 64, 168, 10, 2, '', 0),
(1541, 64, 169, 10, 2, '', 0),
(1542, 65, 148, 9.1, 2, '', 0),
(1543, 65, 149, 10, 2, '', 0),
(1544, 65, 150, 9.6, 2, '', 0),
(1545, 65, 151, 1, 2, '', 0),
(1546, 65, 152, 6, 2, '', 0),
(1547, 65, 153, 0.01, 2, '', 0),
(1548, 65, 154, 9.8, 2, '', 0),
(1549, 65, 155, 9.3, 2, '', 0),
(1550, 65, 156, 9.4, 2, '', 0),
(1551, 65, 157, 9.8, 2, '', 0),
(1552, 65, 158, 7, 2, '', 0),
(1553, 65, 159, 9.8, 2, '', 0),
(1554, 65, 160, 9.8, 2, '', 0),
(1555, 65, 161, 9.3, 2, '', 0),
(1556, 65, 162, 9.8, 2, '', 0),
(1557, 65, 163, 7.8, 2, '', 0),
(1558, 65, 164, 0.01, 2, '', 0),
(1559, 65, 165, 9.6, 2, '', 0),
(1560, 65, 166, 8.4, 2, '', 0),
(1561, 65, 167, 3, 2, '', 0),
(1562, 65, 168, 9.8, 2, '', 0),
(1563, 65, 169, 8.6, 2, '', 0),
(1564, 66, 148, 10, 2, '', 0),
(1565, 66, 149, 8, 2, '', 0),
(1566, 66, 150, 9.6, 2, '', 0),
(1567, 66, 151, 10, 2, '', 0),
(1568, 66, 152, 0.01, 2, '', 0),
(1569, 66, 153, 7, 2, '', 0),
(1570, 66, 154, 10, 2, '', 0),
(1571, 66, 155, 9, 2, '', 0),
(1572, 66, 156, 9.8, 2, '', 0),
(1573, 66, 157, 10, 2, '', 0),
(1574, 66, 158, 10, 2, '', 0),
(1575, 66, 159, 10, 2, '', 0),
(1576, 66, 160, 7, 2, '', 0),
(1577, 66, 161, 10, 2, '', 0),
(1578, 66, 162, 10, 2, '', 0),
(1579, 66, 163, 10, 2, '', 0),
(1580, 66, 164, 9, 2, '', 0),
(1581, 66, 165, 9, 2, '', 0),
(1582, 66, 166, 0.01, 2, '', 0),
(1583, 66, 167, 8, 2, '', 0),
(1584, 66, 168, 9.8, 2, '', 0),
(1585, 66, 169, 10, 2, '', 0),
(1604, 68, 636, 6.5, 2, '', 0),
(1605, 68, 637, 6.5, 2, '', 0),
(1606, 68, 638, 6, 2, '', 0),
(1607, 68, 639, 6.5, 2, '', 0),
(1608, 68, 640, 6, 2, '', 0),
(1609, 68, 641, 8.5, 2, '', 0),
(1610, 68, 642, 6, 2, '', 0),
(1611, 68, 643, 5.5, 2, '', 0),
(1612, 68, 644, 5, 2, '', 0),
(1613, 68, 645, 5, 2, '', 0),
(1614, 68, 646, 5.5, 2, '', 0),
(1615, 68, 647, 5, 2, '', 0),
(1616, 68, 648, 1, 2, '', 0),
(1617, 68, 649, 5.5, 2, '', 0),
(1618, 68, 650, 5, 2, '', 0),
(1619, 68, 651, 5.5, 2, '', 0),
(1620, 68, 652, 5.5, 2, '', 0),
(1621, 68, 653, 7, 2, '', 0),
(1622, 69, 636, 8.5, 2, '', 0),
(1623, 69, 637, 6, 2, '', 0),
(1624, 69, 638, 8.5, 2, '', 0),
(1625, 69, 639, 5.5, 2, '', 0),
(1626, 69, 640, 9, 2, '', 0),
(1627, 69, 641, 8, 2, '', 0),
(1628, 69, 642, 8.5, 2, '', 0),
(1629, 69, 643, 8.5, 2, '', 0),
(1630, 69, 644, 8.5, 2, '', 0),
(1631, 69, 645, 5, 2, '', 0),
(1632, 69, 646, 8.5, 2, '', 0),
(1633, 69, 647, 7.5, 2, '', 0),
(1634, 69, 648, 4.5, 2, '', 0),
(1635, 69, 649, 8, 2, '', 0),
(1636, 69, 650, 6, 2, '', 0),
(1637, 69, 651, 8.5, 2, '', 0),
(1638, 69, 652, 6, 2, '', 0),
(1639, 69, 653, 6, 2, '', 0),
(1640, 70, 636, 8, 2, '', 0),
(1641, 70, 637, 6, 2, '', 0),
(1642, 70, 638, 8, 2, '', 0),
(1643, 70, 639, 9, 2, '', 0),
(1644, 70, 640, 8, 2, '', 0),
(1645, 70, 641, 7, 2, '', 0),
(1646, 70, 642, 0, 2, '', 0),
(1647, 70, 643, 10, 2, '', 0),
(1648, 70, 644, 7, 2, '', 0),
(1649, 70, 645, 8, 2, '', 0),
(1650, 70, 646, 10, 2, '', 0),
(1651, 70, 647, 7, 2, '', 0),
(1652, 70, 648, 9, 2, '', 0),
(1653, 70, 649, 6, 2, '', 0),
(1654, 70, 650, 7, 2, '', 0),
(1655, 70, 651, 7, 2, '', 0),
(1656, 70, 652, 10, 2, '', 0),
(1657, 70, 653, 10, 2, '', 0),
(1658, 71, 636, 7.6, 2, '', 0),
(1659, 71, 637, 10, 2, '', 0),
(1660, 71, 638, 10, 2, '', 0),
(1661, 71, 639, 6, 2, '', 0),
(1662, 71, 640, 9.5, 2, '', 0),
(1663, 71, 641, 0, 2, '', 0),
(1664, 71, 642, 0, 2, '', 0),
(1665, 71, 643, 7.8, 2, '', 0),
(1666, 71, 644, 9.6, 2, '', 0),
(1667, 71, 645, 9.8, 2, '', 0),
(1668, 71, 646, 7.6, 2, '', 0),
(1669, 71, 647, 9.8, 2, '', 0),
(1670, 71, 648, 9.8, 2, '', 0),
(1671, 71, 649, 7.5, 2, '', 0),
(1672, 71, 650, 10, 2, '', 0),
(1673, 71, 651, 5.6, 2, '', 0),
(1674, 71, 652, 9.8, 2, '', 0),
(1675, 71, 653, 7.5, 2, '', 0),
(1676, 72, 636, 10, 2, '', 0),
(1677, 72, 637, 4, 2, '', 0),
(1678, 72, 638, 4, 2, '', 0),
(1679, 72, 639, 4, 2, '', 0),
(1680, 72, 640, 4, 2, '', 0),
(1681, 72, 641, 8, 2, '', 0),
(1682, 72, 642, 10, 2, '', 0),
(1683, 72, 643, 10, 2, '', 0),
(1684, 72, 644, 10, 2, '', 0),
(1685, 72, 645, 2, 2, '', 0),
(1686, 72, 646, 4, 2, '', 0),
(1687, 72, 647, 10, 2, '', 0),
(1688, 72, 648, 4, 2, '', 0),
(1689, 72, 649, 4, 2, '', 0),
(1690, 72, 650, 4, 2, '', 0),
(1691, 72, 651, 4, 2, '', 0),
(1692, 72, 652, 0.01, 2, '', 0),
(1693, 72, 653, 4, 2, '', 0),
(1694, 73, 636, 9.73, 2, '', 0),
(1695, 73, 637, 7.83, 2, '', 0),
(1696, 73, 638, 9.73, 2, '', 0),
(1697, 73, 639, 10, 2, '', 0),
(1698, 73, 640, 7.86, 2, '', 0),
(1699, 73, 641, 6.53, 2, '', 0),
(1700, 73, 642, 9.73, 2, '', 0),
(1701, 73, 643, 0, 2, '', 0),
(1702, 73, 644, 7.33, 2, '', 0),
(1703, 73, 645, 10, 2, '', 0),
(1704, 73, 646, 10, 2, '', 0),
(1705, 73, 647, 10, 2, '', 0),
(1706, 73, 648, 7.83, 2, '', 0),
(1707, 73, 649, 6.53, 2, '', 0),
(1708, 73, 650, 7.33, 2, '', 0),
(1709, 73, 651, 7.33, 2, '', 0),
(1710, 73, 652, 6.53, 2, '', 0),
(1711, 73, 653, 10, 2, '', 0),
(1712, 74, 636, 7.5, 2, '', 0),
(1713, 74, 637, 9.5, 2, '', 0),
(1714, 74, 638, 8, 2, '', 0),
(1715, 74, 639, 9.5, 2, '', 0),
(1716, 74, 640, 9, 2, '', 0),
(1717, 74, 641, 8, 2, '', 0),
(1718, 74, 642, 9.5, 2, '', 0),
(1719, 74, 643, 7.5, 2, '', 0),
(1720, 74, 644, 8.5, 2, '', 0),
(1721, 74, 645, 7.5, 2, '', 0),
(1722, 74, 646, 8, 2, '', 0),
(1723, 74, 647, 8.5, 2, '', 0),
(1724, 74, 648, 8.5, 2, '', 0),
(1725, 74, 649, 7.5, 2, '', 0),
(1726, 74, 650, 8, 2, '', 0),
(1727, 74, 651, 7, 2, '', 0),
(1728, 74, 652, 9, 2, '', 0),
(1729, 74, 653, 8.5, 2, '', 0),
(1730, 75, 636, 9.2, 2, '', 0),
(1731, 75, 637, 8.2, 2, '', 0),
(1732, 75, 638, 7.8, 2, '', 0),
(1733, 75, 639, 9.2, 2, '', 0),
(1734, 75, 640, 9, 2, '', 0),
(1735, 75, 641, 9.8, 2, '', 0),
(1736, 75, 642, 8.8, 2, '', 0),
(1737, 75, 643, 8.9, 2, '', 0),
(1738, 75, 644, 8.2, 2, '', 0),
(1739, 75, 645, 9.3, 2, '', 0),
(1740, 75, 646, 7.8, 2, '', 0),
(1741, 75, 647, 8.4, 2, '', 0),
(1742, 75, 648, 9.8, 2, '', 0),
(1743, 75, 649, 7.2, 2, '', 0),
(1744, 75, 650, 8.2, 2, '', 0),
(1745, 75, 651, 5.8, 2, '', 0),
(1746, 75, 652, 7, 2, '', 0),
(1747, 75, 653, 8.4, 2, '', 0),
(1766, 77, 636, 8.2, 2, '', 0),
(1767, 77, 637, 6.8, 2, '', 0),
(1768, 77, 638, 8.2, 2, '', 0),
(1769, 77, 639, 9.8, 2, '', 0),
(1770, 77, 640, 8.4, 2, '', 0),
(1771, 77, 641, 7, 2, '', 0),
(1772, 77, 642, 8.2, 2, '', 0),
(1773, 77, 643, 8.4, 2, '', 0),
(1774, 77, 644, 8, 2, '', 0),
(1775, 77, 645, 8.2, 2, '', 0),
(1776, 77, 646, 9.4, 2, '', 0),
(1777, 77, 647, 8.6, 2, '', 0),
(1778, 77, 648, 0.01, 2, '', 0),
(1779, 77, 649, 9, 2, '', 0),
(1780, 77, 650, 6.6, 2, '', 0),
(1781, 77, 651, 7.2, 2, '', 0),
(1782, 77, 652, 8.4, 2, '', 0),
(1783, 77, 653, 9.2, 2, '', 0),
(1784, 78, 636, 10, 2, '', 0),
(1785, 78, 637, 10, 2, '', 0),
(1786, 78, 638, 8, 2, '', 0),
(1787, 78, 639, 8, 2, '', 0),
(1788, 78, 640, 10, 2, '', 0),
(1789, 78, 641, 10, 2, '', 0),
(1790, 78, 642, 10, 2, '', 0),
(1791, 78, 643, 9.4, 2, '', 0),
(1792, 78, 644, 8, 2, '', 0),
(1793, 78, 645, 9, 2, '', 0),
(1794, 78, 646, 10, 2, '', 0),
(1795, 78, 647, 10, 2, '', 0),
(1796, 78, 648, 0.01, 2, '', 0),
(1797, 78, 649, 10, 2, '', 0),
(1798, 78, 650, 9, 2, '', 0),
(1799, 78, 651, 10, 2, '', 0),
(1800, 78, 652, 9, 2, '', 0),
(1801, 78, 653, 10, 2, '', 0),
(1802, 79, 636, 10, 2, '', 0),
(1803, 79, 637, 10, 2, '', 0),
(1804, 79, 638, 10, 2, '', 0),
(1805, 79, 639, 8, 2, '', 0),
(1806, 79, 640, 10, 2, '', 0),
(1807, 79, 641, 10, 2, '', 0),
(1808, 79, 642, 10, 2, '', 0),
(1809, 79, 643, 10, 2, '', 0),
(1810, 79, 644, 7, 2, '', 0),
(1811, 79, 645, 7, 2, 'r', 0),
(1812, 79, 646, 10, 2, '', 0),
(1813, 79, 647, 10, 2, '', 0),
(1814, 79, 648, 0.01, 2, '', 0),
(1815, 79, 649, 7, 2, 'r', 0),
(1816, 79, 650, 0, 2, '', 0),
(1817, 79, 651, 10, 2, '', 0),
(1818, 79, 652, 0.01, 2, '', 0),
(1819, 79, 653, 7, 2, '', 0),
(1820, 80, 636, 7, 2, '', 0),
(1821, 80, 637, 8.5, 2, '', 0),
(1822, 80, 638, 7, 2, '', 0),
(1823, 80, 639, 8, 2, '', 0),
(1824, 80, 640, 7.5, 2, '', 0),
(1825, 80, 641, 8.5, 2, '', 0),
(1826, 80, 642, 0, 2, '', 0),
(1827, 80, 643, 7, 2, '', 0),
(1828, 80, 644, 7.5, 2, '', 0),
(1829, 80, 645, 7.5, 2, '', 0),
(1830, 80, 646, 8.5, 2, '', 0),
(1831, 80, 647, 7, 2, '', 0),
(1832, 80, 648, 5, 2, '', 0),
(1833, 80, 649, 8, 2, '', 0),
(1834, 80, 650, 4.5, 2, '', 0),
(1835, 80, 651, 7, 2, '', 0),
(1836, 80, 652, 8, 2, '', 0),
(1837, 80, 653, 7.5, 2, '', 0),
(1838, 81, 636, 10, 2, '', 0),
(1839, 81, 637, 9, 2, '', 0),
(1840, 81, 638, 10, 2, '', 0);
INSERT INTO `calificaciones` (`id_calificacion`, `calificaciones_info_id_calificacion_info`, `alumnos_id_alumno`, `valor_calificacion`, `usuarios_id_usuario`, `observacion_calificacion`, `calificaciones_estados_id_calificacion_estado`) VALUES
(1841, 81, 639, 10, 2, '', 0),
(1842, 81, 640, 10, 2, '', 0),
(1843, 81, 641, 9.5, 2, '', 0),
(1844, 81, 642, 10, 2, '', 0),
(1845, 81, 643, 10, 2, '', 0),
(1846, 81, 644, 10, 2, '', 0),
(1847, 81, 645, 10, 2, '', 0),
(1848, 81, 646, 10, 2, '', 0),
(1849, 81, 647, 8, 2, '', 0),
(1850, 81, 648, 0.01, 2, '', 0),
(1851, 81, 649, 10, 2, '', 0),
(1852, 81, 650, 7, 2, '', 0),
(1853, 81, 651, 10, 2, '', 0),
(1854, 81, 652, 9, 2, '', 0),
(1855, 81, 653, 10, 2, '', 0),
(1856, 82, 636, 7.7, 2, '', 0),
(1857, 82, 637, 9.1, 2, '', 0),
(1858, 82, 638, 7.5, 2, '', 0),
(1859, 82, 639, 10, 2, '', 0),
(1860, 82, 640, 9, 2, '', 0),
(1861, 82, 641, 10, 2, '', 0),
(1862, 82, 642, 8.5, 2, '', 0),
(1863, 82, 643, 9.6, 2, '', 0),
(1864, 82, 644, 7.7, 2, '', 0),
(1865, 82, 645, 9.2, 2, '', 0),
(1866, 82, 646, 10, 2, '', 0),
(1867, 82, 647, 10, 2, '', 0),
(1868, 82, 648, 9.5, 2, '', 0),
(1869, 82, 649, 9, 2, '', 0),
(1870, 82, 650, 7.6, 2, '', 0),
(1871, 82, 651, 8.3, 2, '', 0),
(1872, 82, 652, 9.4, 2, '', 0),
(1873, 82, 653, 9.6, 2, '', 0),
(1874, 83, 636, 10, 2, '', 0),
(1875, 83, 637, 8, 2, '', 0),
(1876, 83, 638, 10, 2, '', 0),
(1877, 83, 639, 8, 2, '', 0),
(1878, 83, 640, 8, 2, '', 0),
(1879, 83, 641, 10, 2, '', 0),
(1880, 83, 642, 10, 2, '', 0),
(1881, 83, 643, 0, 2, '', 0),
(1882, 83, 644, 10, 2, '', 0),
(1883, 83, 645, 10, 2, '', 0),
(1884, 83, 646, 10, 2, '', 0),
(1885, 83, 647, 10, 2, '', 0),
(1886, 83, 648, 8, 2, '', 0),
(1887, 83, 649, 8, 2, '', 0),
(1888, 83, 650, 8, 2, '', 0),
(1889, 83, 651, 10, 2, '', 0),
(1890, 83, 652, 8, 2, '', 0),
(1891, 83, 653, 8, 2, '', 0),
(1892, 84, 636, 7, 2, '', 0),
(1893, 84, 637, 7, 2, '', 0),
(1894, 84, 638, 10, 2, '', 0),
(1895, 84, 639, 0, 2, '', 0),
(1896, 84, 640, 7, 2, '', 0),
(1897, 84, 641, 0, 2, '', 0),
(1898, 84, 642, 10, 2, '', 0),
(1899, 84, 643, 9, 2, '', 0),
(1900, 84, 644, 9, 2, '', 0),
(1901, 84, 645, 9, 2, '', 0),
(1902, 84, 646, 9, 2, '', 0),
(1903, 84, 647, 9, 2, '', 0),
(1904, 84, 648, 7, 2, '', 0),
(1905, 84, 649, 10, 2, '', 0),
(1906, 84, 650, 7, 2, '', 0),
(1907, 84, 651, 10, 2, '', 0),
(1908, 84, 652, 10, 2, '', 0),
(1909, 84, 653, 10, 2, '', 0),
(1910, 85, 636, 8, 2, '', 0),
(1911, 85, 637, 7.8, 2, '', 0),
(1912, 85, 638, 5, 2, '', 0),
(1913, 85, 639, 9.6, 2, '', 0),
(1914, 85, 640, 7, 2, '', 0),
(1915, 85, 641, 9.8, 2, '', 0),
(1916, 85, 642, 9, 2, '', 0),
(1917, 85, 643, 7.6, 2, '', 0),
(1918, 85, 644, 5.8, 2, '', 0),
(1919, 85, 645, 4.2, 2, '', 0),
(1920, 85, 646, 5.4, 2, '', 0),
(1921, 85, 647, 8.6, 2, '', 0),
(1922, 85, 648, 8, 2, '', 0),
(1923, 85, 649, 6.8, 2, '', 0),
(1924, 85, 650, 8, 2, '', 0),
(1925, 85, 651, 4.2, 2, '', 0),
(1926, 85, 652, 0, 2, '', 0),
(1927, 85, 653, 7.4, 2, '', 0),
(1928, 86, 636, 8, 2, '', 0),
(1929, 86, 637, 8, 2, '', 0),
(1930, 86, 638, 9.5, 2, '', 0),
(1931, 86, 639, 10, 2, '', 0),
(1932, 86, 640, 9, 2, '', 0),
(1933, 86, 641, 0.01, 2, '', 0),
(1934, 86, 642, 10, 2, '', 0),
(1935, 86, 643, 8, 2, '', 0),
(1936, 86, 644, 8.5, 2, '', 0),
(1937, 86, 645, 7, 2, '', 0),
(1938, 86, 646, 9, 2, '', 0),
(1939, 86, 647, 7.5, 2, '', 0),
(1940, 86, 648, 9, 2, '', 0),
(1941, 86, 649, 8, 2, '', 0),
(1942, 86, 650, 8, 2, '', 0),
(1943, 86, 651, 8, 2, '', 0),
(1944, 86, 652, 7.5, 2, '', 0),
(1945, 86, 653, 10, 2, '', 0),
(1946, 87, 636, 8.75, 2, '', 0),
(1947, 87, 637, 8.5, 2, '', 0),
(1948, 87, 638, 8.5, 2, '', 0),
(1949, 87, 639, 8, 2, '', 0),
(1950, 87, 640, 9.25, 2, '', 0),
(1951, 87, 641, 9, 2, '', 0),
(1952, 87, 642, 8.25, 2, '', 0),
(1953, 87, 643, 8.5, 2, '', 0),
(1954, 87, 644, 7.75, 2, '', 0),
(1955, 87, 645, 7.13, 2, '', 0),
(1956, 87, 646, 8.5, 2, '', 0),
(1957, 87, 647, 8.5, 2, '', 0),
(1958, 87, 648, 7.25, 2, '', 0),
(1959, 87, 649, 8.25, 2, '', 0),
(1960, 87, 650, 7, 2, '', 0),
(1961, 87, 651, 8, 2, '', 0),
(1962, 87, 652, 8, 2, '', 0),
(1963, 87, 653, 8.25, 2, '', 0),
(1964, 88, 479, 0, 2, '', 0),
(1965, 88, 480, 10, 2, '', 0),
(1966, 88, 481, 10, 2, '', 0),
(1967, 88, 482, 10, 2, '', 0),
(1968, 88, 483, 0.01, 2, '', 0),
(1969, 88, 484, 10, 2, '', 0),
(1970, 88, 485, 0.01, 2, '', 0),
(1971, 88, 486, 10, 2, '', 0),
(1972, 88, 487, 10, 2, '', 0),
(1973, 88, 488, 10, 2, '', 0),
(1974, 88, 489, 0.01, 2, '', 0),
(1975, 88, 490, 0, 2, '', 0),
(1976, 88, 491, 10, 2, '', 0),
(1977, 88, 492, 10, 2, '', 0),
(1978, 88, 493, 10, 2, '', 0),
(1979, 88, 494, 10, 2, '', 0),
(1980, 88, 495, 10, 2, '', 0),
(1981, 88, 496, 7, 2, '', 0),
(1982, 88, 497, 10, 2, '', 0),
(1983, 88, 498, 10, 2, '', 0),
(1984, 88, 499, 9, 2, '', 0),
(1985, 88, 500, 9, 2, '', 0),
(1986, 88, 501, 10, 2, '', 0),
(1987, 88, 502, 7, 2, '', 0),
(1988, 88, 503, 10, 2, '', 0),
(1989, 89, 636, 7, 2, '', 0),
(1990, 89, 637, 7.5, 2, '', 0),
(1991, 89, 638, 8, 2, '', 0),
(1992, 89, 639, 8, 2, '', 0),
(1993, 89, 640, 7, 2, '', 0),
(1994, 89, 641, 0.01, 2, '', 0),
(1995, 89, 642, 10, 2, '', 0),
(1996, 89, 643, 8.5, 2, '', 0),
(1997, 89, 644, 6, 2, '', 0),
(1998, 89, 645, 6, 2, '', 0),
(1999, 89, 646, 7, 2, '', 0),
(2000, 89, 647, 7, 2, '', 0),
(2001, 89, 648, 7.5, 2, '', 0),
(2002, 89, 649, 8, 2, '', 0),
(2003, 89, 650, 7.5, 2, '', 0),
(2004, 89, 651, 7, 2, '', 0),
(2005, 89, 652, 6, 2, '', 0),
(2006, 89, 653, 7.5, 2, '', 0),
(2007, 90, 636, 7, 2, '', 0),
(2008, 90, 637, 8, 2, '', 0),
(2009, 90, 638, 8, 2, '', 0),
(2010, 90, 639, 9, 2, '', 0),
(2011, 90, 640, 7, 2, '', 0),
(2012, 90, 641, 6, 2, '', 0),
(2013, 90, 642, 8, 2, '', 0),
(2014, 90, 643, 8, 2, '', 0),
(2015, 90, 644, 8, 2, '', 0),
(2016, 90, 645, 0.01, 2, '', 0),
(2017, 90, 646, 7, 2, '', 0),
(2018, 90, 647, 6, 2, '', 0),
(2019, 90, 648, 8.5, 2, '', 0),
(2020, 90, 649, 7, 2, '', 0),
(2021, 90, 650, 0, 2, '', 0),
(2022, 90, 651, 8, 2, '', 0),
(2023, 90, 652, 6, 2, '', 0),
(2024, 90, 653, 8, 2, '', 0),
(2025, 91, 105, 10, 2, '', 0),
(2026, 91, 106, 9, 2, '', 0),
(2027, 91, 107, 0, 2, 'sin libro', 0),
(2028, 91, 108, 0, 2, 'sin libro', 0),
(2029, 91, 109, 10, 2, '', 0),
(2030, 91, 110, 10, 2, '', 0),
(2031, 91, 111, 8, 2, '', 0),
(2032, 91, 112, 0, 2, '', 0),
(2033, 91, 113, 0, 2, '', 0),
(2034, 91, 114, 8, 2, '', 0),
(2035, 91, 115, 0, 2, 'sin libro', 0),
(2036, 91, 116, 0, 2, '', 0),
(2037, 91, 117, 10, 2, '', 0),
(2038, 91, 118, 10, 2, '', 0),
(2039, 91, 119, 9, 2, '', 0),
(2040, 91, 120, 0, 2, 'sin libro', 0),
(2041, 91, 121, 8, 2, '', 0),
(2042, 91, 122, 0, 2, 'sin libro', 0),
(2043, 91, 123, 10, 2, '', 0),
(2044, 91, 124, 0, 2, 'sin libro', 0),
(2045, 91, 125, 10, 2, '', 0),
(2046, 91, 126, 0, 2, 'sin libro', 0),
(2047, 91, 127, 0, 2, 'sin libro', 0),
(2071, 93, 105, 10, 2, '', 0),
(2072, 93, 106, 9, 2, '', 0),
(2073, 93, 107, 0, 2, '', 0),
(2074, 93, 108, 0, 2, '', 0),
(2075, 93, 109, 10, 2, '', 0),
(2076, 93, 110, 9, 2, '', 0),
(2077, 93, 111, 2, 2, '', 0),
(2078, 93, 112, 0, 2, '', 0),
(2079, 93, 113, 0, 2, '', 0),
(2080, 93, 114, 9, 2, '', 0),
(2081, 93, 115, 0, 2, '', 0),
(2082, 93, 116, 0, 2, '', 0),
(2083, 93, 117, 10, 2, '', 0),
(2084, 93, 118, 7, 2, '', 0),
(2085, 93, 119, 10, 2, '', 0),
(2086, 93, 120, 0, 2, '', 0),
(2087, 93, 121, 10, 2, '', 0),
(2088, 93, 122, 0, 2, '', 0),
(2089, 93, 123, 8, 2, '', 0),
(2090, 93, 124, 0, 2, '', 0),
(2091, 93, 125, 9, 2, '', 0),
(2092, 93, 126, 0, 2, '', 0),
(2093, 93, 127, 0, 2, '', 0),
(2094, 94, 128, 9, 2, '', 0),
(2095, 94, 129, 10, 2, '', 0),
(2096, 94, 130, 10, 2, '', 0),
(2097, 94, 654, 4, 2, '', 0),
(2098, 94, 131, 10, 2, '', 0),
(2099, 94, 656, 10, 2, '', 0),
(2100, 94, 132, 10, 2, '', 0),
(2101, 94, 133, 10, 2, '', 0),
(2102, 94, 134, 3, 2, '', 0),
(2103, 94, 135, 4, 2, '', 0),
(2104, 94, 136, 6, 2, '', 0),
(2105, 94, 137, 10, 2, '', 0),
(2106, 94, 138, 10, 2, '', 0),
(2107, 94, 139, 10, 2, '', 0),
(2108, 94, 655, 0, 2, 'sin libro', 0),
(2109, 94, 140, 10, 2, '', 0),
(2110, 94, 141, 8, 2, '', 0),
(2111, 94, 142, 10, 2, '', 0),
(2112, 94, 143, 10, 2, '', 0),
(2113, 94, 144, 7, 2, '', 0),
(2114, 94, 145, 10, 2, '', 0),
(2115, 94, 146, 7, 2, '', 0),
(2116, 94, 147, 7, 2, '', 0),
(2117, 95, 148, 10, 2, '', 0),
(2118, 95, 149, 9, 2, '', 0),
(2119, 95, 150, 10, 2, '', 0),
(2120, 95, 151, 0, 2, '', 0),
(2121, 95, 152, 9, 2, '', 0),
(2122, 95, 153, 0, 2, '', 0),
(2123, 95, 154, 10, 2, '', 0),
(2124, 95, 155, 7, 2, '', 0),
(2125, 95, 156, 0, 2, '', 0),
(2126, 95, 157, 10, 2, '', 0),
(2127, 95, 158, 9, 2, '', 0),
(2128, 95, 159, 10, 2, '', 0),
(2129, 95, 160, 10, 2, '', 0),
(2130, 95, 161, 9, 2, '', 0),
(2131, 95, 162, 10, 2, '', 0),
(2132, 95, 163, 0, 2, '', 0),
(2133, 95, 164, 4, 2, '', 0),
(2134, 95, 165, 0, 2, '', 0),
(2135, 95, 166, 0, 2, '', 0),
(2136, 95, 167, 10, 2, '', 0),
(2137, 95, 168, 10, 2, '', 0),
(2138, 95, 169, 0, 2, '', 0),
(2139, 96, 128, 10, 2, '', 0),
(2140, 96, 129, 10, 2, '', 0),
(2141, 96, 130, 10, 2, '', 0),
(2142, 96, 654, 5, 2, '', 0),
(2143, 96, 131, 10, 2, '', 0),
(2144, 96, 656, 10, 2, '', 0),
(2145, 96, 132, 9, 2, '', 0),
(2146, 96, 133, 10, 2, '', 0),
(2147, 96, 134, 10, 2, '', 0),
(2148, 96, 135, 5, 2, '', 0),
(2149, 96, 136, 8, 2, '', 0),
(2150, 96, 137, 10, 2, '', 0),
(2151, 96, 138, 10, 2, '', 0),
(2152, 96, 139, 10, 2, '', 0),
(2153, 96, 655, 0, 2, 'sin libro', 0),
(2154, 96, 140, 10, 2, '', 0),
(2155, 96, 141, 10, 2, '', 0),
(2156, 96, 142, 10, 2, '', 0),
(2157, 96, 143, 10, 2, '', 0),
(2158, 96, 144, 10, 2, '', 0),
(2159, 96, 145, 10, 2, '', 0),
(2160, 96, 146, 10, 2, '', 0),
(2161, 96, 147, 10, 2, '', 0),
(2162, 97, 148, 10, 2, '', 0),
(2163, 97, 149, 10, 2, '', 0),
(2164, 97, 150, 9, 2, '', 0),
(2165, 97, 151, 0, 2, 'sin libro', 0),
(2166, 97, 152, 10, 2, '', 0),
(2167, 97, 153, 0, 2, '', 0),
(2168, 97, 154, 10, 2, '', 0),
(2169, 97, 155, 1, 2, '', 0),
(2170, 97, 156, 0, 2, 'sin libro', 0),
(2171, 97, 157, 10, 2, '', 0),
(2172, 97, 158, 5, 2, '', 0),
(2173, 97, 159, 10, 2, '', 0),
(2174, 97, 160, 10, 2, '', 0),
(2175, 97, 161, 10, 2, '', 0),
(2176, 97, 162, 10, 2, '', 0),
(2177, 97, 163, 0, 2, '', 0),
(2178, 97, 164, 10, 2, '', 0),
(2179, 97, 165, 10, 2, '', 0),
(2180, 97, 166, 0, 2, 'sin libro', 0),
(2181, 97, 167, 1, 2, '', 0),
(2182, 97, 168, 10, 2, '', 0),
(2183, 97, 169, 0, 2, 'sin libro', 0),
(2184, 98, 148, 10, 2, '', 0),
(2185, 98, 149, 9, 2, '', 0),
(2186, 98, 150, 10, 2, '', 0),
(2187, 98, 151, 0, 2, 'sin libro', 0),
(2188, 98, 152, 1, 2, '', 0),
(2189, 98, 153, 1, 2, '', 0),
(2190, 98, 154, 10, 2, '', 0),
(2191, 98, 155, 4, 2, '', 0),
(2192, 98, 156, 0, 2, 'sin libro', 0),
(2193, 98, 157, 10, 2, '', 0),
(2194, 98, 158, 10, 2, '', 0),
(2195, 98, 159, 9, 2, '', 0),
(2196, 98, 160, 7, 2, '', 0),
(2197, 98, 161, 8, 2, '', 0),
(2198, 98, 162, 10, 2, '', 0),
(2199, 98, 163, 0, 2, '', 0),
(2200, 98, 164, 4, 2, '', 0),
(2201, 98, 165, 10, 2, '', 0),
(2202, 98, 166, 0, 2, 'sin libro', 0),
(2203, 98, 167, 10, 2, '', 0),
(2204, 98, 168, 10, 2, '', 0),
(2205, 98, 169, 0, 2, 'sin libro', 0),
(2206, 99, 245, 2, 2, '', 0),
(2207, 99, 246, 3, 2, '', 0),
(2208, 99, 247, 0, 2, '', 0),
(2209, 99, 248, 3, 2, '', 0),
(2210, 99, 249, 1, 2, '', 0),
(2211, 99, 250, 4.5, 2, '', 0),
(2212, 99, 251, 2, 2, '', 0),
(2213, 99, 252, 5.5, 2, '', 0),
(2214, 99, 253, 4, 2, '', 0),
(2215, 99, 254, 3, 2, '', 0),
(2216, 99, 255, 1.5, 2, '', 0),
(2217, 99, 256, 6, 2, '', 0),
(2218, 99, 257, 2, 2, '', 0),
(2219, 99, 258, 0, 2, '', 0),
(2220, 99, 259, 1, 2, '', 0),
(2221, 99, 260, 0, 2, '', 0),
(2222, 99, 261, 6.5, 2, '', 0),
(2223, 99, 262, 0.5, 2, '', 0),
(2224, 100, 245, 8.5, 2, '', 0),
(2225, 100, 246, 10, 2, '', 0),
(2226, 100, 247, 0, 2, '', 0),
(2227, 100, 248, 8.5, 2, '', 0),
(2228, 100, 249, 9.7, 2, '', 0),
(2229, 100, 250, 8.5, 2, '', 0),
(2230, 100, 251, 6, 2, '', 0),
(2231, 100, 252, 9, 2, '', 0),
(2232, 100, 253, 10, 2, '', 0),
(2233, 100, 254, 10, 2, '', 0),
(2234, 100, 255, 1, 2, '', 0),
(2235, 100, 256, 10, 2, '', 0),
(2236, 100, 257, 7.7, 2, '', 0),
(2237, 100, 258, 9.7, 2, '', 0),
(2238, 100, 259, 10, 2, '', 0),
(2239, 100, 260, 8, 2, '', 0),
(2240, 100, 261, 9.7, 2, '', 0),
(2241, 100, 262, 9.7, 2, '', 0),
(2242, 101, 636, 6.9, 2, '', 0),
(2243, 101, 637, 7.2, 2, '', 0),
(2244, 101, 638, 6.7, 2, '', 0),
(2245, 101, 639, 7.4, 2, '', 0),
(2246, 101, 640, 7.5, 2, '', 0),
(2247, 101, 641, 8.8, 2, '', 0),
(2248, 101, 642, 9.4, 2, '', 0),
(2249, 101, 643, 7.4, 2, '', 0),
(2250, 101, 644, 6.5, 2, '', 0),
(2251, 101, 645, 5.8, 2, '', 0),
(2252, 101, 646, 7.4, 2, '', 0),
(2253, 101, 647, 8.1, 2, '', 0),
(2254, 101, 648, 7.7, 2, '', 0),
(2255, 101, 649, 6.6, 2, '', 0),
(2256, 101, 650, 7.8, 2, '', 0),
(2257, 101, 651, 6.4, 2, '', 0),
(2258, 101, 652, 6.5, 2, '', 0),
(2259, 101, 653, 7.5, 2, '', 0),
(2260, 102, 105, 9, 2, '', 0),
(2261, 102, 106, 10, 2, '', 0),
(2262, 102, 107, 8, 2, '', 0),
(2263, 102, 108, 8.8, 2, '', 0),
(2264, 102, 109, 10, 2, '', 0),
(2265, 102, 110, 0.01, 2, '', 0),
(2266, 102, 111, 8.5, 2, '', 0),
(2267, 102, 112, 10, 2, '', 0),
(2268, 102, 113, 9, 2, '', 0),
(2269, 102, 114, 0, 2, '', 0),
(2270, 102, 115, 10, 2, '', 0),
(2271, 102, 116, 10, 2, '', 0),
(2272, 102, 117, 10, 2, '', 0),
(2273, 102, 118, 9, 2, '', 0),
(2274, 102, 119, 10, 2, '', 0),
(2275, 102, 120, 8.5, 2, '', 0),
(2276, 102, 121, 10, 2, '', 0),
(2277, 102, 122, 9, 2, '', 0),
(2278, 102, 123, 10, 2, '', 0),
(2279, 102, 124, 10, 2, '', 0),
(2280, 102, 125, 10, 2, '', 0),
(2281, 102, 126, 9, 2, '', 0),
(2282, 102, 127, 10, 2, '', 0),
(2283, 103, 105, 10, 2, '', 0),
(2284, 103, 106, 10, 2, '', 0),
(2285, 103, 107, 0.01, 2, '', 0),
(2286, 103, 108, 10, 2, '', 0),
(2287, 103, 109, 0.01, 2, '', 0),
(2288, 103, 110, 10, 2, '', 0),
(2289, 103, 111, 9, 2, '', 0),
(2290, 103, 112, 0, 2, '', 0),
(2291, 103, 113, 0.01, 2, '', 0),
(2292, 103, 114, 4, 2, '', 0),
(2293, 103, 115, 0.01, 2, '', 0),
(2294, 103, 116, 10, 2, '', 0),
(2295, 103, 117, 10, 2, '', 0),
(2296, 103, 118, 0, 2, '', 0),
(2297, 103, 119, 10, 2, '', 0),
(2298, 103, 120, 10, 2, '', 0),
(2299, 103, 121, 10, 2, '', 0),
(2300, 103, 122, 0.01, 2, '', 0),
(2301, 103, 123, 0.01, 2, '', 0),
(2302, 103, 124, 10, 2, '', 0),
(2303, 103, 125, 10, 2, '', 0),
(2304, 103, 126, 10, 2, '', 0),
(2305, 103, 127, 9.5, 2, '', 0),
(2306, 104, 105, 0.01, 2, '', 0),
(2307, 104, 106, 10, 2, '', 0),
(2308, 104, 107, 10, 2, '', 0),
(2309, 104, 108, 10, 2, '', 0),
(2310, 104, 109, 10, 2, '', 0),
(2311, 104, 110, 10, 2, '', 0),
(2312, 104, 111, 0.01, 2, '', 0),
(2313, 104, 112, 0, 2, '', 0),
(2314, 104, 113, 10, 2, '', 0),
(2315, 104, 114, 10, 2, '', 0),
(2316, 104, 115, 0.01, 2, '', 0),
(2317, 104, 116, 10, 2, '', 0),
(2318, 104, 117, 10, 2, '', 0),
(2319, 104, 118, 10, 2, '', 0),
(2320, 104, 119, 10, 2, '', 0),
(2321, 104, 120, 10, 2, '', 0),
(2322, 104, 121, 10, 2, '', 0),
(2323, 104, 122, 0.01, 2, '', 0),
(2324, 104, 123, 0.01, 2, '', 0),
(2325, 104, 124, 10, 2, '', 0),
(2326, 104, 125, 10, 2, '', 0),
(2327, 104, 126, 10, 2, '', 0),
(2328, 104, 127, 10, 2, '', 0),
(2329, 105, 105, 7.5, 2, '', 0),
(2330, 105, 106, 7, 2, '', 0),
(2331, 105, 107, 7, 2, '', 0),
(2332, 105, 108, 7, 2, '', 0),
(2333, 105, 109, 7.5, 2, '', 0),
(2334, 105, 110, 6.5, 2, '', 0),
(2335, 105, 111, 6.5, 2, '', 0),
(2336, 105, 112, 2, 2, '', 0),
(2337, 105, 113, 8, 2, '', 0),
(2338, 105, 114, 7, 2, '', 0),
(2339, 105, 115, 0.01, 2, '', 0),
(2340, 105, 116, 6, 2, '', 0),
(2341, 105, 117, 8, 2, '', 0),
(2342, 105, 118, 7, 2, '', 0),
(2343, 105, 119, 0, 2, '', 0),
(2344, 105, 120, 6, 2, '', 0),
(2345, 105, 121, 7.5, 2, '', 0),
(2346, 105, 122, 7, 2, '', 0),
(2347, 105, 123, 5, 2, '', 0),
(2348, 105, 124, 5, 2, '', 0),
(2349, 105, 125, 6, 2, '', 0),
(2350, 105, 126, 5, 2, '', 0),
(2351, 105, 127, 7, 2, '', 0),
(2352, 106, 105, 10, 2, '', 0),
(2353, 106, 106, 10, 2, '', 0),
(2354, 106, 107, 0, 2, '', 0),
(2355, 106, 108, 9.5, 2, '', 0),
(2356, 106, 109, 0, 2, '', 0),
(2357, 106, 110, 10, 2, '', 0),
(2358, 106, 111, 8, 2, '', 0),
(2359, 106, 112, 0, 2, '', 0),
(2360, 106, 113, 10, 2, '', 0),
(2361, 106, 114, 6, 2, '', 0),
(2362, 106, 115, 0, 2, '', 0),
(2363, 106, 116, 10, 2, '', 0),
(2364, 106, 117, 10, 2, '', 0),
(2365, 106, 118, 0, 2, '', 0),
(2366, 106, 119, 10, 2, '', 0),
(2367, 106, 120, 10, 2, '', 0),
(2368, 106, 121, 10, 2, '', 0),
(2369, 106, 122, 10, 2, '', 0),
(2370, 106, 123, 0, 2, '', 0),
(2371, 106, 124, 10, 2, '', 0),
(2372, 106, 125, 10, 2, '', 0),
(2373, 106, 126, 9.5, 2, '', 0),
(2374, 106, 127, 10, 2, '', 0),
(2375, 107, 105, 10, 2, '', 0),
(2376, 107, 106, 10, 2, '', 0),
(2377, 107, 107, 9.5, 2, '', 0),
(2378, 107, 108, 8, 2, '', 0),
(2379, 107, 109, 9, 2, '', 0),
(2380, 107, 110, 8.5, 2, '', 0),
(2381, 107, 111, 4.5, 2, '', 0),
(2382, 107, 112, 6, 2, '', 0),
(2383, 107, 113, 9, 2, '', 0),
(2384, 107, 114, 10, 2, '', 0),
(2385, 107, 115, 0, 2, 'falto', 0),
(2386, 107, 116, 5, 2, '', 0),
(2387, 107, 117, 7.5, 2, '', 0),
(2388, 107, 118, 2, 2, '', 0),
(2389, 107, 119, 10, 2, '', 0),
(2390, 107, 120, 5, 2, '', 0),
(2391, 107, 121, 9.5, 2, '', 0),
(2392, 107, 122, 9.5, 2, '', 0),
(2393, 107, 123, 10, 2, '', 0),
(2394, 107, 124, 10, 2, '', 0),
(2395, 107, 125, 10, 2, '', 0),
(2396, 107, 126, 9.5, 2, '', 0),
(2397, 107, 127, 4.5, 2, '', 0),
(2398, 108, 105, 7, 2, '', 0),
(2399, 108, 106, 9, 2, '', 0),
(2400, 108, 107, 9, 2, '', 0),
(2401, 108, 108, 9, 2, '', 0),
(2402, 108, 109, 9, 2, '', 0),
(2403, 108, 110, 9, 2, '', 0),
(2404, 108, 111, 9, 2, '', 0),
(2405, 108, 112, 0, 2, '', 0),
(2406, 108, 113, 9, 2, '', 0),
(2407, 108, 114, 7, 2, '', 0),
(2408, 108, 115, 9, 2, '', 0),
(2409, 108, 116, 9, 2, '', 0),
(2410, 108, 117, 9, 2, '', 0),
(2411, 108, 118, 0, 2, 'faltó', 0),
(2412, 108, 119, 7, 2, '', 0),
(2413, 108, 120, 9, 2, '', 0),
(2414, 108, 121, 9, 2, '', 0),
(2415, 108, 122, 9, 2, '', 0),
(2416, 108, 123, 9, 2, '', 0),
(2417, 108, 124, 9, 2, '', 0),
(2418, 108, 125, 9, 2, '', 0),
(2419, 108, 126, 7, 2, '', 0),
(2420, 108, 127, 7, 2, '', 0),
(2421, 109, 105, 10, 2, '', 0),
(2422, 109, 106, 10, 2, '', 0),
(2423, 109, 107, 8, 2, '', 0),
(2424, 109, 108, 0.01, 2, '', 0),
(2425, 109, 109, 9, 2, '', 0),
(2426, 109, 110, 10, 2, '', 0),
(2427, 109, 111, 0.01, 2, '', 0),
(2428, 109, 112, 0, 2, '', 0),
(2429, 109, 113, 6, 2, '', 0),
(2430, 109, 114, 9, 2, '', 0),
(2431, 109, 115, 0.01, 2, '', 0),
(2432, 109, 116, 10, 2, '', 0),
(2433, 109, 117, 8, 2, '', 0),
(2434, 109, 118, 6, 2, '', 0),
(2435, 109, 119, 10, 2, '', 0),
(2436, 109, 120, 10, 2, '', 0),
(2437, 109, 121, 10, 2, '', 0),
(2438, 109, 122, 10, 2, '', 0),
(2439, 109, 123, 10, 2, '', 0),
(2440, 109, 124, 8, 2, '', 0),
(2441, 109, 125, 10, 2, '', 0),
(2442, 109, 126, 10, 2, '', 0),
(2443, 109, 127, 10, 2, '', 0),
(2444, 110, 105, 10, 2, '', 0),
(2445, 110, 106, 10, 2, '', 0),
(2446, 110, 107, 7.8, 2, '', 0),
(2447, 110, 108, 10, 2, '', 0),
(2448, 110, 109, 9, 2, '', 0),
(2449, 110, 110, 10, 2, '', 0),
(2450, 110, 111, 8.8, 2, '', 0),
(2451, 110, 112, 0, 2, '', 0),
(2452, 110, 113, 7, 2, '', 0),
(2453, 110, 114, 10, 2, '', 0),
(2454, 110, 115, 6.3, 2, '', 0),
(2455, 110, 116, 10, 2, '', 0),
(2456, 110, 117, 9.8, 2, '', 0),
(2457, 110, 118, 7, 2, '', 0),
(2458, 110, 119, 10, 2, '', 0),
(2459, 110, 120, 9.8, 2, '', 0),
(2460, 110, 121, 9.2, 2, '', 0),
(2461, 110, 122, 9.6, 2, '', 0),
(2462, 110, 123, 10, 2, '', 0),
(2463, 110, 124, 10, 2, '', 0),
(2464, 110, 125, 10, 2, '', 0),
(2465, 110, 126, 10, 2, '', 0),
(2466, 110, 127, 9.8, 2, '', 0),
(2467, 111, 128, 10, 2, '', 0),
(2468, 111, 129, 10, 2, '', 0),
(2469, 111, 130, 10, 2, '', 0),
(2470, 111, 654, 0.01, 2, '', 0),
(2471, 111, 131, 10, 2, '', 0),
(2472, 111, 656, 10, 2, '', 0),
(2473, 111, 132, 0.01, 2, '', 0),
(2474, 111, 133, 10, 2, '', 0),
(2475, 111, 134, 10, 2, '', 0),
(2476, 111, 135, 0.01, 2, '', 0),
(2477, 111, 136, 0.01, 2, '', 0),
(2478, 111, 137, 10, 2, '', 0),
(2479, 111, 138, 8, 2, '', 0),
(2480, 111, 139, 10, 2, '', 0),
(2481, 111, 655, 7, 2, 'r', 0),
(2482, 111, 140, 0.01, 2, '', 0),
(2483, 111, 141, 10, 2, '', 0),
(2484, 111, 142, 10, 2, '', 0),
(2485, 111, 143, 7, 2, '', 0),
(2486, 111, 144, 10, 2, '', 0),
(2487, 111, 145, 7, 2, 'r', 0),
(2488, 111, 146, 0.01, 2, '', 0),
(2489, 111, 147, 10, 2, '', 0),
(2490, 112, 128, 9.5, 2, '', 0),
(2491, 112, 129, 10, 2, '', 0),
(2492, 112, 130, 9.5, 2, '', 0),
(2493, 112, 654, 8, 2, '', 0),
(2494, 112, 131, 10, 2, '', 0),
(2495, 112, 656, 10, 2, '', 0),
(2496, 112, 132, 10, 2, '', 0),
(2497, 112, 133, 10, 2, '', 0),
(2498, 112, 134, 9.5, 2, '', 0),
(2499, 112, 135, 10, 2, '', 0),
(2500, 112, 136, 0.01, 2, '', 0),
(2501, 112, 137, 9.8, 2, '', 0),
(2502, 112, 138, 10, 2, '', 0),
(2503, 112, 139, 10, 2, '', 0),
(2504, 112, 655, 9.8, 2, '', 0),
(2505, 112, 140, 9.5, 2, '', 0),
(2506, 112, 141, 10, 2, '', 0),
(2507, 112, 142, 10, 2, '', 0),
(2508, 112, 143, 7, 2, '', 0),
(2509, 112, 144, 10, 2, '', 0),
(2510, 112, 145, 10, 2, '', 0),
(2511, 112, 146, 9.5, 2, '', 0),
(2512, 112, 147, 10, 2, '', 0),
(2513, 113, 128, 9, 2, '', 0),
(2514, 113, 129, 10, 2, '', 0),
(2515, 113, 130, 9.5, 2, '', 0),
(2516, 113, 654, 10, 2, '', 0),
(2517, 113, 131, 9.5, 2, '', 0),
(2518, 113, 656, 9, 2, '', 0),
(2519, 113, 132, 9.5, 2, '', 0),
(2520, 113, 133, 8, 2, '', 0),
(2521, 113, 134, 9, 2, '', 0),
(2522, 113, 135, 8, 2, '', 0),
(2523, 113, 136, 8.5, 2, '', 0),
(2524, 113, 137, 8, 2, '', 0),
(2525, 113, 138, 9.5, 2, '', 0),
(2526, 113, 139, 0, 2, 'f', 0),
(2527, 113, 655, 0.01, 2, 'sin libro', 0),
(2528, 113, 140, 9, 2, '', 0),
(2529, 113, 141, 10, 2, '', 0),
(2530, 113, 142, 10, 2, '', 0),
(2531, 113, 143, 8, 2, '', 0),
(2532, 113, 144, 9, 2, '', 0),
(2533, 113, 145, 10, 2, '', 0),
(2534, 113, 146, 9, 2, '', 0),
(2535, 113, 147, 8.5, 2, '', 0),
(2536, 114, 128, 10, 2, '', 0),
(2537, 114, 129, 1, 2, '', 0),
(2538, 114, 130, 1, 2, '', 0),
(2539, 114, 654, 7, 2, '', 0),
(2540, 114, 131, 10, 2, '', 0),
(2541, 114, 656, 2, 2, '', 0),
(2542, 114, 132, 3, 2, '', 0),
(2543, 114, 133, 1, 2, '', 0),
(2544, 114, 134, 1, 2, '', 0),
(2545, 114, 135, 4, 2, '', 0),
(2546, 114, 136, 1, 2, '', 0),
(2547, 114, 137, 10, 2, '', 0),
(2548, 114, 138, 0, 2, 'faltó', 0),
(2549, 114, 139, 4, 2, '', 0),
(2550, 114, 655, 8, 2, '', 0),
(2551, 114, 140, 10, 2, '', 0),
(2552, 114, 141, 7, 2, '', 0),
(2553, 114, 142, 8, 2, '', 0),
(2554, 114, 143, 8, 2, '', 0),
(2555, 114, 144, 1, 2, '', 0),
(2556, 114, 145, 10, 2, '', 0),
(2557, 114, 146, 10, 2, '', 0),
(2558, 114, 147, 10, 2, '', 0),
(2559, 115, 128, 9, 2, '', 0),
(2560, 115, 129, 8, 2, '', 0),
(2561, 115, 130, 10, 2, '', 0),
(2562, 115, 654, 9, 2, '', 0),
(2563, 115, 131, 6, 2, '', 0),
(2564, 115, 656, 10, 2, '', 0),
(2565, 115, 132, 6, 2, '', 0),
(2566, 115, 133, 9, 2, '', 0),
(2567, 115, 134, 10, 2, '', 0),
(2568, 115, 135, 6, 2, '', 0),
(2569, 115, 136, 8, 2, '', 0),
(2570, 115, 137, 6, 2, '', 0),
(2571, 115, 138, 10, 2, '', 0),
(2572, 115, 139, 6, 2, '', 0),
(2573, 115, 655, 8, 2, '', 0),
(2574, 115, 140, 9, 2, '', 0),
(2575, 115, 141, 8, 2, '', 0),
(2576, 115, 142, 10, 2, '', 0),
(2577, 115, 143, 6, 2, '', 0),
(2578, 115, 144, 9, 2, '', 0),
(2579, 115, 145, 8, 2, '', 0),
(2580, 115, 146, 10, 2, '', 0),
(2581, 115, 147, 8, 2, '', 0),
(2582, 116, 128, 8, 2, '', 0),
(2583, 116, 129, 7, 2, '', 0),
(2584, 116, 130, 7, 2, '', 0),
(2585, 116, 654, 5, 2, '', 0),
(2586, 116, 131, 9, 2, '', 0),
(2587, 116, 656, 4, 2, '', 0),
(2588, 116, 132, 10, 2, '', 0),
(2589, 116, 133, 6, 2, '', 0),
(2590, 116, 134, 0, 2, 'f', 0),
(2591, 116, 135, 4, 2, '', 0),
(2592, 116, 136, 4, 2, '', 0),
(2593, 116, 137, 8, 2, '', 0),
(2594, 116, 138, 9, 2, '', 0),
(2595, 116, 139, 7, 2, '', 0),
(2596, 116, 655, 7, 2, '', 0),
(2597, 116, 140, 5, 2, '', 0),
(2598, 116, 141, 8, 2, '', 0),
(2599, 116, 142, 10, 2, '', 0),
(2600, 116, 143, 10, 2, '', 0),
(2601, 116, 144, 5, 2, '', 0),
(2602, 116, 145, 10, 2, '', 0),
(2603, 116, 146, 9, 2, '', 0),
(2604, 116, 147, 5, 2, '', 0),
(2605, 117, 128, 8, 2, '', 0),
(2606, 117, 129, 10, 2, '', 0),
(2607, 117, 130, 9, 2, '', 0),
(2608, 117, 654, 10, 2, '', 0),
(2609, 117, 131, 9, 2, '', 0),
(2610, 117, 656, 10, 2, '', 0),
(2611, 117, 132, 10, 2, '', 0),
(2612, 117, 133, 8, 2, '', 0),
(2613, 117, 134, 8, 2, '', 0),
(2614, 117, 135, 0, 2, 'faltó', 0),
(2615, 117, 136, 7, 2, '', 0),
(2616, 117, 137, 10, 2, '', 0),
(2617, 117, 138, 7, 2, '', 0),
(2618, 117, 139, 8, 2, '', 0),
(2619, 117, 655, 9, 2, '', 0),
(2620, 117, 140, 9, 2, '', 0),
(2621, 117, 141, 7, 2, '', 0),
(2622, 117, 142, 10, 2, '', 0),
(2623, 117, 143, 7, 2, '', 0),
(2624, 117, 144, 6, 2, '', 0),
(2625, 117, 145, 10, 2, '', 0),
(2626, 117, 146, 10, 2, '', 0),
(2627, 117, 147, 4, 2, '', 0),
(2628, 118, 128, 8, 2, '', 0),
(2629, 118, 129, 5, 2, '', 0),
(2630, 118, 130, 9, 2, '', 0),
(2631, 118, 654, 7, 2, '', 0),
(2632, 118, 131, 7, 2, '', 0),
(2633, 118, 656, 7, 2, '', 0),
(2634, 118, 132, 8, 2, '', 0),
(2635, 118, 133, 9, 2, '', 0),
(2636, 118, 134, 8, 2, '', 0),
(2637, 118, 135, 4, 2, '', 0),
(2638, 118, 136, 6, 2, '', 0),
(2639, 118, 137, 10, 2, '', 0),
(2640, 118, 138, 5, 2, '', 0),
(2641, 118, 139, 7, 2, '', 0),
(2642, 118, 655, 0, 2, 'p', 0),
(2643, 118, 140, 7, 2, '', 0),
(2644, 118, 141, 5, 2, '', 0),
(2645, 118, 142, 10, 2, '', 0),
(2646, 118, 143, 8, 2, '', 0),
(2647, 118, 144, 5, 2, '', 0),
(2648, 118, 145, 9, 2, '', 0),
(2649, 118, 146, 5, 2, '', 0),
(2650, 118, 147, 7, 2, '', 0),
(2651, 119, 128, 10, 2, '', 0),
(2652, 119, 129, 10, 2, '', 0),
(2653, 119, 130, 10, 2, '', 0),
(2654, 119, 654, 0.01, 2, '', 0),
(2655, 119, 131, 10, 2, '', 0),
(2656, 119, 656, 10, 2, '', 0),
(2657, 119, 132, 7, 2, 'r', 0),
(2658, 119, 133, 10, 2, '', 0),
(2659, 119, 134, 6, 2, '', 0),
(2660, 119, 135, 7, 2, '', 0),
(2661, 119, 136, 10, 2, '', 0),
(2662, 119, 137, 7, 2, 'r', 0),
(2663, 119, 138, 7, 2, 'r', 0),
(2664, 119, 139, 10, 2, '', 0),
(2665, 119, 655, 10, 2, '', 0),
(2666, 119, 140, 7, 2, '', 0),
(2667, 119, 141, 10, 2, '', 0),
(2668, 119, 142, 10, 2, '', 0),
(2669, 119, 143, 7, 2, '', 0),
(2670, 119, 144, 8, 2, '', 0),
(2671, 119, 145, 10, 2, '', 0),
(2672, 119, 146, 0.01, 2, '', 0),
(2673, 119, 147, 9.5, 2, '', 0),
(2674, 120, 128, 10, 2, '', 0),
(2675, 120, 129, 10, 2, '', 0),
(2676, 120, 130, 10, 2, '', 0),
(2677, 120, 654, 10, 2, '', 0),
(2678, 120, 131, 7, 2, '', 0),
(2679, 120, 656, 10, 2, '', 0),
(2680, 120, 132, 10, 2, '', 0),
(2681, 120, 133, 10, 2, '', 0),
(2682, 120, 134, 10, 2, '', 0),
(2683, 120, 135, 0.01, 2, '', 0),
(2684, 120, 136, 0.01, 2, '', 0),
(2685, 120, 137, 7, 2, 'r', 0),
(2686, 120, 138, 10, 2, '', 0),
(2687, 120, 139, 10, 2, '', 0),
(2688, 120, 655, 10, 2, '', 0),
(2689, 120, 140, 0.01, 2, '', 0),
(2690, 120, 141, 10, 2, '', 0),
(2691, 120, 142, 10, 2, '', 0),
(2692, 120, 143, 9, 2, '', 0),
(2693, 120, 144, 0.01, 2, '', 0),
(2694, 120, 145, 10, 2, '', 0),
(2695, 120, 146, 0.01, 2, '', 0),
(2696, 120, 147, 10, 2, '', 0),
(2720, 122, 128, 7, 2, '', 0),
(2721, 122, 129, 10, 2, '', 0),
(2722, 122, 130, 10, 2, '', 0),
(2723, 122, 654, 10, 2, '', 0),
(2724, 122, 131, 10, 2, '', 0),
(2725, 122, 656, 10, 2, '', 0),
(2726, 122, 132, 10, 2, '', 0),
(2727, 122, 133, 10, 2, '', 0),
(2728, 122, 134, 6, 2, '', 0),
(2729, 122, 135, 5, 2, '', 0),
(2730, 122, 136, 7, 2, '', 0),
(2731, 122, 137, 10, 2, '', 0),
(2732, 122, 138, 10, 2, '', 0),
(2733, 122, 139, 10, 2, '', 0),
(2734, 122, 655, 10, 2, '', 0),
(2735, 122, 140, 10, 2, '', 0),
(2736, 122, 141, 10, 2, '', 0),
(2737, 122, 142, 10, 2, '', 0),
(2738, 122, 143, 9, 2, '', 0),
(2739, 122, 144, 5, 2, '', 0),
(2740, 122, 145, 10, 2, '', 0),
(2741, 122, 146, 9.5, 2, '', 0),
(2742, 122, 147, 10, 2, '', 0),
(2743, 123, 128, 9, 2, '', 0),
(2744, 123, 129, 9.5, 2, '', 0),
(2745, 123, 130, 8, 2, '', 0),
(2746, 123, 654, 8, 2, '', 0),
(2747, 123, 131, 8, 2, '', 0),
(2748, 123, 656, 10, 2, '', 0),
(2749, 123, 132, 10, 2, '', 0),
(2750, 123, 133, 10, 2, '', 0),
(2751, 123, 134, 8, 2, '', 0),
(2752, 123, 135, 9, 2, '', 0),
(2753, 123, 136, 9, 2, '', 0),
(2754, 123, 137, 9.5, 2, '', 0),
(2755, 123, 138, 9.5, 2, '', 0),
(2756, 123, 139, 10, 2, '', 0),
(2757, 123, 655, 0, 2, 'f', 0),
(2758, 123, 140, 9, 2, '', 0),
(2759, 123, 141, 9.5, 2, '', 0),
(2760, 123, 142, 10, 2, '', 0),
(2761, 123, 143, 10, 2, '', 0),
(2762, 123, 144, 10, 2, '', 0),
(2763, 123, 145, 10, 2, '', 0),
(2764, 123, 146, 10, 2, '', 0),
(2765, 123, 147, 8, 2, '', 0),
(2766, 124, 128, 10, 2, '', 0),
(2767, 124, 129, 3, 2, '', 0),
(2768, 124, 130, 8, 2, '', 0),
(2769, 124, 654, 3.5, 2, '', 0),
(2770, 124, 131, 9, 2, '', 0),
(2771, 124, 656, 9.5, 2, '', 0),
(2772, 124, 132, 10, 2, '', 0),
(2773, 124, 133, 6, 2, '', 0),
(2774, 124, 134, 0, 2, 'f', 0),
(2775, 124, 135, 0, 2, 'f', 0),
(2776, 124, 136, 3.5, 2, '', 0),
(2777, 124, 137, 8.5, 2, '', 0),
(2778, 124, 138, 4, 2, '', 0),
(2779, 124, 139, 10, 2, '', 0),
(2780, 124, 655, 8, 2, '', 0),
(2781, 124, 140, 9, 2, '', 0),
(2782, 124, 141, 9.5, 2, '', 0),
(2783, 124, 142, 10, 2, '', 0),
(2784, 124, 143, 10, 2, '', 0),
(2785, 124, 144, 1, 2, '', 0),
(2786, 124, 145, 10, 2, '', 0),
(2787, 124, 146, 10, 2, '', 0),
(2788, 124, 147, 0, 2, 'f', 0),
(2789, 125, 128, 9, 2, '', 0),
(2790, 125, 129, 10, 2, '', 0),
(2791, 125, 130, 9.8, 2, '', 0),
(2792, 125, 654, 5, 2, '', 0),
(2793, 125, 131, 10, 2, '', 0),
(2794, 125, 656, 5, 2, '', 0),
(2795, 125, 132, 10, 2, '', 0),
(2796, 125, 133, 9, 2, '', 0),
(2797, 125, 134, 8.5, 2, '', 0),
(2798, 125, 135, 8, 2, '', 0),
(2799, 125, 136, 5, 2, '', 0),
(2800, 125, 137, 10, 2, '', 0),
(2801, 125, 138, 8.5, 2, '', 0),
(2802, 125, 139, 9.8, 2, '', 0),
(2803, 125, 655, 9.8, 2, '', 0),
(2804, 125, 140, 10, 2, '', 0),
(2805, 125, 141, 10, 2, '', 0),
(2806, 125, 142, 10, 2, '', 0),
(2807, 125, 143, 10, 2, '', 0),
(2808, 125, 144, 4, 2, '', 0),
(2809, 125, 145, 10, 2, '', 0),
(2810, 125, 146, 10, 2, '', 0),
(2811, 125, 147, 0, 2, 'p', 0),
(2812, 126, 148, 10, 2, '', 0),
(2813, 126, 149, 10, 2, '', 0),
(2814, 126, 150, 10, 2, '', 0),
(2815, 126, 151, 10, 2, '', 0),
(2816, 126, 152, 6, 2, '', 0),
(2817, 126, 153, 9, 2, '', 0),
(2818, 126, 154, 10, 2, '', 0),
(2819, 126, 155, 9, 2, '', 0),
(2820, 126, 156, 5, 2, '', 0),
(2821, 126, 157, 10, 2, '', 0),
(2822, 126, 158, 10, 2, '', 0),
(2823, 126, 159, 10, 2, '', 0),
(2824, 126, 160, 10, 2, '', 0),
(2825, 126, 161, 8, 2, '', 0),
(2826, 126, 162, 9, 2, '', 0),
(2827, 126, 163, 9.5, 2, '', 0),
(2828, 126, 164, 1, 2, '', 0),
(2829, 126, 165, 7, 2, '', 0),
(2830, 126, 166, 1, 2, '', 0),
(2831, 126, 167, 10, 2, '', 0),
(2832, 126, 168, 9, 2, '', 0),
(2833, 126, 169, 3, 2, '', 0),
(2834, 127, 148, 10, 2, '', 0),
(2835, 127, 149, 9, 2, '', 0),
(2836, 127, 150, 7.5, 2, '', 0),
(2837, 127, 151, 9, 2, '', 0),
(2838, 127, 152, 0, 2, 'f', 0),
(2839, 127, 153, 9, 2, '', 0),
(2840, 127, 154, 5, 2, '', 0),
(2841, 127, 155, 7.5, 2, '', 0),
(2842, 127, 156, 7, 2, '', 0),
(2843, 127, 157, 10, 2, '', 0),
(2844, 127, 158, 10, 2, '', 0),
(2845, 127, 159, 10, 2, '', 0),
(2846, 127, 160, 9, 2, '', 0),
(2847, 127, 161, 9, 2, '', 0),
(2848, 127, 162, 0, 2, 'f', 0),
(2849, 127, 163, 10, 2, '', 0),
(2850, 127, 164, 7, 2, '', 0),
(2851, 127, 165, 9.5, 2, '', 0),
(2852, 127, 166, 10, 2, '', 0),
(2853, 127, 167, 5, 2, '', 0),
(2854, 127, 168, 10, 2, '', 0),
(2855, 127, 169, 9, 2, '', 0),
(2856, 128, 148, 5, 2, '', 0),
(2857, 128, 149, 6, 2, '', 0),
(2858, 128, 150, 6, 2, '', 0),
(2859, 128, 151, 6, 2, '', 0),
(2860, 128, 152, 0, 2, 'f', 0),
(2861, 128, 153, 9, 2, '', 0),
(2862, 128, 154, 8, 2, '', 0),
(2863, 128, 155, 5, 2, '', 0),
(2864, 128, 156, 5, 2, '', 0),
(2865, 128, 157, 5, 2, '', 0),
(2866, 128, 158, 9, 2, '', 0),
(2867, 128, 159, 9, 2, '', 0),
(2868, 128, 160, 0, 2, 'f', 0),
(2869, 128, 161, 6, 2, '', 0),
(2870, 128, 162, 8, 2, '', 0),
(2871, 128, 163, 8, 2, '', 0),
(2872, 128, 164, 5, 2, '', 0),
(2873, 128, 165, 8, 2, '', 0),
(2874, 128, 166, 6, 2, '', 0),
(2875, 128, 167, 9, 2, '', 0),
(2876, 128, 168, 9, 2, '', 0),
(2877, 128, 169, 8, 2, '', 0),
(2878, 129, 148, 10, 2, '', 0),
(2879, 129, 149, 7, 2, '', 0),
(2880, 129, 150, 8, 2, '', 0),
(2881, 129, 151, 5, 2, '', 0),
(2882, 129, 152, 6, 2, '', 0),
(2883, 129, 153, 9, 2, '', 0),
(2884, 129, 154, 8.5, 2, '', 0),
(2885, 129, 155, 8, 2, '', 0),
(2886, 129, 156, 5, 2, '', 0),
(2887, 129, 157, 9, 2, '', 0),
(2888, 129, 158, 10, 2, '', 0),
(2889, 129, 159, 10, 2, '', 0),
(2890, 129, 160, 9.5, 2, '', 0),
(2891, 129, 161, 9, 2, '', 0),
(2892, 129, 162, 10, 2, '', 0),
(2893, 129, 163, 10, 2, '', 0),
(2894, 129, 164, 7, 2, '', 0),
(2895, 129, 165, 10, 2, '', 0),
(2896, 129, 166, 8, 2, '', 0),
(2897, 129, 167, 7, 2, '', 0),
(2898, 129, 168, 6, 2, '', 0),
(2899, 129, 169, 8, 2, '', 0),
(2900, 130, 148, 7, 2, '', 0),
(2901, 130, 149, 7, 2, '', 0),
(2902, 130, 150, 7, 2, '', 0),
(2903, 130, 151, 5, 2, '', 0),
(2904, 130, 152, 7, 2, '', 0),
(2905, 130, 153, 6, 2, '', 0),
(2906, 130, 154, 9, 2, '', 0),
(2907, 130, 155, 9, 2, '', 0),
(2908, 130, 156, 4, 2, '', 0),
(2909, 130, 157, 9, 2, '', 0),
(2910, 130, 158, 9, 2, '', 0),
(2911, 130, 159, 10, 2, '', 0),
(2912, 130, 160, 9, 2, '', 0),
(2913, 130, 161, 4, 2, '', 0),
(2914, 130, 162, 7, 2, '', 0),
(2915, 130, 163, 9, 2, '', 0),
(2916, 130, 164, 6, 2, '', 0),
(2917, 130, 165, 6, 2, '', 0),
(2918, 130, 166, 10, 2, '', 0),
(2919, 130, 167, 8, 2, '', 0),
(2920, 130, 168, 8, 2, '', 0),
(2921, 130, 169, 7, 2, '', 0),
(2922, 131, 148, 10, 2, '', 0),
(2923, 131, 149, 10, 2, '', 0),
(2924, 131, 150, 10, 2, '', 0),
(2925, 131, 151, 0.01, 2, '', 0),
(2926, 131, 152, 10, 2, '', 0),
(2927, 131, 153, 10, 2, '', 0),
(2928, 131, 154, 0.01, 2, '', 0),
(2929, 131, 155, 0.01, 2, '', 0),
(2930, 131, 156, 8, 2, '', 0),
(2931, 131, 157, 8, 2, '', 0),
(2932, 131, 158, 10, 2, '', 0),
(2933, 131, 159, 10, 2, '', 0),
(2934, 131, 160, 10, 2, '', 0),
(2935, 131, 161, 10, 2, '', 0),
(2936, 131, 162, 10, 2, '', 0),
(2937, 131, 163, 10, 2, '', 0),
(2938, 131, 164, 0.01, 2, '', 0),
(2939, 131, 165, 10, 2, '', 0),
(2940, 131, 166, 9, 2, '', 0),
(2941, 131, 167, 10, 2, '', 0),
(2942, 131, 168, 10, 2, '', 0),
(2943, 131, 169, 10, 2, '', 0),
(2944, 132, 148, 6, 2, '', 0),
(2945, 132, 149, 0.01, 2, '', 0),
(2946, 132, 150, 10, 2, '', 0),
(2947, 132, 151, 9.5, 2, '', 0),
(2948, 132, 152, 4, 2, '', 0),
(2949, 132, 153, 0.01, 2, '', 0),
(2950, 132, 154, 9.5, 2, '', 0),
(2951, 132, 155, 8, 2, '', 0),
(2952, 132, 156, 2, 2, '', 0),
(2953, 132, 157, 7, 2, 'r', 0),
(2954, 132, 158, 9.5, 2, '', 0),
(2955, 132, 159, 8, 2, '', 0),
(2956, 132, 160, 10, 2, '', 0),
(2957, 132, 161, 7.8, 2, '', 0),
(2958, 132, 162, 10, 2, '', 0),
(2959, 132, 163, 10, 2, '', 0),
(2960, 132, 164, 10, 2, 'm', 0),
(2961, 132, 165, 10, 2, '', 0),
(2962, 132, 166, 0.01, 2, '', 0),
(2963, 132, 167, 0.01, 2, '', 0),
(2964, 132, 168, 10, 2, '', 0),
(2965, 132, 169, 0.01, 2, '', 0),
(2966, 133, 148, 10, 2, '', 0),
(2967, 133, 149, 9.8, 2, '', 0),
(2968, 133, 150, 0.01, 2, '', 0),
(2969, 133, 151, 5, 2, '', 0),
(2970, 133, 152, 0.01, 2, '', 0),
(2971, 133, 153, 5, 2, '', 0),
(2972, 133, 154, 5, 2, '', 0),
(2973, 133, 155, 8, 2, 'M', 0),
(2974, 133, 156, 5, 2, '', 0),
(2975, 133, 157, 9.6, 2, '', 0),
(2976, 133, 158, 9.5, 2, '', 0),
(2977, 133, 159, 10, 2, '', 0),
(2978, 133, 160, 5, 2, '', 0),
(2979, 133, 161, 10, 2, '', 0),
(2980, 133, 162, 10, 2, '', 0),
(2981, 133, 163, 10, 2, '', 0),
(2982, 133, 164, 10, 2, 'r', 0),
(2983, 133, 165, 10, 2, 'm', 0),
(2984, 133, 166, 0.01, 2, '', 0),
(2985, 133, 167, 10, 2, '', 0),
(2986, 133, 168, 7, 2, '', 0),
(2987, 133, 169, 9, 2, '', 0),
(2988, 134, 148, 0.01, 2, '', 0),
(2989, 134, 149, 10, 2, '', 0),
(2990, 134, 150, 10, 2, '', 0),
(2991, 134, 151, 10, 2, '', 0),
(2992, 134, 152, 10, 2, '', 0),
(2993, 134, 153, 10, 2, '', 0),
(2994, 134, 154, 0.01, 2, '', 0),
(2995, 134, 155, 8, 2, 'r', 0),
(2996, 134, 156, 0.01, 2, '', 0),
(2997, 134, 157, 10, 2, '', 0),
(2998, 134, 158, 10, 2, '', 0),
(2999, 134, 159, 10, 2, '', 0),
(3000, 134, 160, 10, 2, '', 0),
(3001, 134, 161, 0.01, 2, '', 0),
(3002, 134, 162, 10, 2, '', 0),
(3003, 134, 163, 10, 2, '', 0),
(3004, 134, 164, 10, 2, '', 0),
(3005, 134, 165, 10, 2, '', 0),
(3006, 134, 166, 0.01, 2, '', 0),
(3007, 134, 167, 10, 2, '', 0),
(3008, 134, 168, 10, 2, '', 0),
(3009, 134, 169, 0.01, 2, '', 0),
(3010, 135, 148, 10, 2, '', 0),
(3011, 135, 149, 10, 2, '', 0),
(3012, 135, 150, 2, 2, '', 0),
(3013, 135, 151, 8, 2, '', 0),
(3014, 135, 152, 8, 2, '', 0),
(3015, 135, 153, 9, 2, '', 0),
(3016, 135, 154, 10, 2, '', 0),
(3017, 135, 155, 9, 2, '', 0),
(3018, 135, 156, 9, 2, '', 0),
(3019, 135, 157, 10, 2, '', 0),
(3020, 135, 158, 10, 2, '', 0),
(3021, 135, 159, 10, 2, '', 0),
(3022, 135, 160, 2, 2, '', 0),
(3023, 135, 161, 10, 2, '', 0),
(3024, 135, 162, 10, 2, '', 0),
(3025, 135, 163, 10, 2, '', 0),
(3026, 135, 164, 9, 2, '', 0),
(3027, 135, 165, 8, 2, '', 0),
(3028, 135, 166, 10, 2, '', 0),
(3029, 135, 167, 10, 2, '', 0),
(3030, 135, 168, 10, 2, '', 0),
(3031, 135, 169, 10, 2, '', 0),
(3032, 136, 148, 5, 2, '', 0),
(3033, 136, 149, 5, 2, '', 0),
(3034, 136, 150, 5, 2, '', 0),
(3035, 136, 151, 5, 2, '', 0),
(3036, 136, 152, 7, 2, '', 0),
(3037, 136, 153, 5, 2, '', 0),
(3038, 136, 154, 5, 2, '', 0),
(3039, 136, 155, 2, 2, '', 0),
(3040, 136, 156, 2, 2, '', 0),
(3041, 136, 157, 5, 2, '', 0),
(3042, 136, 158, 2, 2, '', 0),
(3043, 136, 159, 5, 2, '', 0),
(3044, 136, 160, 7, 2, '', 0),
(3045, 136, 161, 7, 2, '', 0),
(3046, 136, 162, 5, 2, '', 0),
(3047, 136, 163, 5, 2, '', 0),
(3048, 136, 164, 5, 2, '', 0),
(3049, 136, 165, 7, 2, '', 0),
(3050, 136, 166, 2, 2, '', 0),
(3051, 136, 167, 5, 2, '', 0),
(3052, 136, 168, 5, 2, '', 0),
(3053, 136, 169, 5, 2, '', 0),
(3054, 137, 148, 10, 2, '', 0),
(3055, 137, 149, 10, 2, '', 0),
(3056, 137, 150, 8, 2, '', 0),
(3057, 137, 151, 10, 2, '', 0),
(3058, 137, 152, 5, 2, '', 0),
(3059, 137, 153, 0.01, 2, '', 0),
(3060, 137, 154, 10, 2, '', 0),
(3061, 137, 155, 10, 2, '', 0),
(3062, 137, 156, 9.6, 2, '', 0),
(3063, 137, 157, 10, 2, '', 0),
(3064, 137, 158, 10, 2, '', 0),
(3065, 137, 159, 10, 2, '', 0),
(3066, 137, 160, 10, 2, '', 0),
(3067, 137, 161, 4, 2, '', 0),
(3068, 137, 162, 9.8, 2, '', 0),
(3069, 137, 163, 10, 2, '', 0),
(3070, 137, 164, 4, 2, '', 0),
(3071, 137, 165, 4, 2, '', 0),
(3072, 137, 166, 10, 2, '', 0),
(3073, 137, 167, 9.4, 2, '', 0),
(3074, 137, 168, 10, 2, '', 0),
(3075, 137, 169, 8, 2, '', 0),
(3076, 138, 148, 9, 2, '', 0),
(3077, 138, 149, 9.8, 2, '', 0),
(3078, 138, 150, 10, 2, '', 0),
(3079, 138, 151, 7, 2, '', 0),
(3080, 138, 152, 8.5, 2, '', 0),
(3081, 138, 153, 10, 2, '', 0),
(3082, 138, 154, 6.9, 2, '', 0),
(3083, 138, 155, 8.4, 2, '', 0),
(3084, 138, 156, 10, 2, '', 0),
(3085, 138, 157, 10, 2, '', 0),
(3086, 138, 158, 10, 2, '', 0),
(3087, 138, 159, 10, 2, '', 0),
(3088, 138, 160, 10, 2, '', 0),
(3089, 138, 161, 9, 2, '', 0),
(3090, 138, 162, 9.2, 2, '', 0),
(3091, 138, 163, 10, 2, '', 0),
(3092, 138, 164, 9, 2, '', 0),
(3093, 138, 165, 10, 2, '', 0),
(3094, 138, 166, 10, 2, '', 0),
(3095, 138, 167, 9.2, 2, '', 0),
(3096, 138, 168, 10, 2, '', 0),
(3097, 138, 169, 7.4, 2, '', 0),
(3098, 139, 170, 9, 2, '', 0),
(3099, 139, 171, 10, 2, '', 0),
(3100, 139, 172, 10, 2, '', 0),
(3101, 139, 173, 9, 2, '', 0),
(3102, 139, 174, 8, 2, '', 0),
(3103, 139, 175, 9.5, 2, '', 0),
(3104, 139, 176, 8.5, 2, '', 0),
(3105, 139, 177, 10, 2, '', 0),
(3106, 139, 178, 10, 2, '', 0),
(3107, 139, 179, 8, 2, '', 0),
(3108, 139, 180, 0, 2, '', 0),
(3109, 139, 181, 7, 2, '', 0),
(3110, 139, 182, 10, 2, '', 0),
(3111, 139, 183, 10, 2, '', 0),
(3112, 139, 184, 9, 2, '', 0),
(3113, 139, 185, 10, 2, '', 0),
(3114, 139, 186, 2, 2, '', 0),
(3115, 139, 187, 7, 2, 'r', 0),
(3116, 139, 188, 0.01, 2, '', 0),
(3117, 139, 189, 10, 2, '', 0),
(3118, 139, 190, 6, 2, '', 0),
(3119, 139, 191, 8, 2, '', 0),
(3120, 139, 192, 10, 2, '', 0),
(3121, 139, 193, 10, 2, '', 0),
(3122, 139, 194, 10, 2, '', 0),
(3123, 139, 195, 10, 2, '', 0),
(3124, 139, 196, 8, 2, '', 0),
(3125, 139, 197, 10, 2, '', 0),
(3126, 139, 198, 9.5, 2, '', 0),
(3127, 140, 170, 10, 2, '', 0),
(3128, 140, 171, 10, 2, '', 0),
(3129, 140, 172, 7, 2, '', 0),
(3130, 140, 173, 10, 2, '', 0),
(3131, 140, 174, 10, 2, '', 0),
(3132, 140, 175, 10, 2, '', 0),
(3133, 140, 176, 10, 2, '', 0),
(3134, 140, 177, 9, 2, '', 0),
(3135, 140, 178, 10, 2, '', 0),
(3136, 140, 179, 10, 2, '', 0),
(3137, 140, 181, 10, 2, '', 0),
(3138, 140, 182, 10, 2, '', 0),
(3139, 140, 183, 10, 2, '', 0),
(3140, 140, 184, 7, 2, 'r', 0),
(3141, 140, 185, 10, 2, '', 0),
(3142, 140, 186, 9, 2, '', 0),
(3143, 140, 187, 10, 2, '', 0),
(3144, 140, 188, 7, 2, 'r', 0),
(3145, 140, 189, 10, 2, '', 0),
(3146, 140, 190, 10, 2, '', 0),
(3147, 140, 191, 10, 2, '', 0),
(3148, 140, 192, 10, 2, '', 0),
(3149, 140, 193, 10, 2, '', 0),
(3150, 140, 194, 7, 2, 'r', 0),
(3151, 140, 195, 10, 2, '', 0),
(3152, 140, 196, 10, 2, '', 0),
(3153, 140, 197, 10, 2, '', 0),
(3154, 140, 198, 10, 2, '', 0),
(3155, 141, 170, 8.5, 2, '', 0),
(3156, 141, 171, 8.5, 2, '', 0),
(3157, 141, 172, 7.5, 2, '', 0),
(3158, 141, 173, 7.25, 2, '', 0),
(3159, 141, 174, 8.5, 2, '', 0),
(3160, 141, 175, 7.5, 2, '', 0),
(3161, 141, 176, 8.5, 2, '', 0),
(3162, 141, 177, 8.75, 2, '', 0),
(3163, 141, 178, 8.25, 2, '', 0),
(3164, 141, 179, 8.5, 2, '', 0),
(3165, 141, 181, 8.25, 2, '', 0),
(3166, 141, 182, 8.75, 2, '', 0),
(3167, 141, 183, 8, 2, '', 0),
(3168, 141, 184, 6, 2, '', 0),
(3169, 141, 185, 10, 2, '', 0),
(3170, 141, 186, 5, 2, '', 0),
(3171, 141, 187, 8.5, 2, '', 0),
(3172, 141, 188, 10, 2, '', 0),
(3173, 141, 189, 10, 2, '', 0),
(3174, 141, 190, 8, 2, '', 0),
(3175, 141, 191, 8.5, 2, '', 0),
(3176, 141, 192, 10, 2, '', 0),
(3177, 141, 193, 8.5, 2, '', 0),
(3178, 141, 194, 7, 2, '', 0),
(3179, 141, 195, 8, 2, '', 0),
(3180, 141, 196, 5.5, 2, '', 0),
(3181, 141, 197, 10, 2, '', 0),
(3182, 141, 198, 8, 2, '', 0),
(3183, 142, 170, 9.5, 2, '', 0),
(3184, 142, 171, 7, 2, 'r', 0),
(3185, 142, 172, 9, 2, '', 0),
(3186, 142, 173, 7, 2, 'r', 0),
(3187, 142, 174, 7, 2, 'r', 0),
(3188, 142, 175, 7, 2, '', 0),
(3189, 142, 176, 0.01, 2, '', 0),
(3190, 142, 177, 0.01, 2, '', 0),
(3191, 142, 178, 10, 2, '', 0),
(3192, 142, 179, 9.5, 2, '', 0),
(3193, 142, 181, 10, 2, '', 0),
(3194, 142, 182, 7.5, 2, '', 0),
(3195, 142, 183, 10, 2, 'm', 0),
(3196, 142, 184, 7, 2, 'r', 0),
(3197, 142, 185, 7, 2, 'r', 0),
(3198, 142, 186, 0.01, 2, '', 0),
(3199, 142, 187, 8, 2, '', 0),
(3200, 142, 188, 7, 2, '', 0),
(3201, 142, 189, 10, 2, '', 0),
(3202, 142, 190, 7, 2, '', 0),
(3203, 142, 191, 10, 2, '', 0),
(3204, 142, 192, 7, 2, 'r', 0),
(3205, 142, 193, 7, 2, 'r', 0),
(3206, 142, 194, 0.01, 2, '', 0),
(3207, 142, 195, 8, 2, '', 0),
(3208, 142, 196, 0.01, 2, '', 0),
(3209, 142, 197, 8, 2, '', 0),
(3210, 142, 198, 7, 2, 'r', 0),
(3211, 143, 170, 10, 2, '', 0),
(3212, 143, 171, 8.5, 2, '', 0),
(3213, 143, 172, 7.5, 2, '', 0),
(3214, 143, 173, 9.5, 2, '', 0),
(3215, 143, 174, 0.01, 2, '', 0),
(3216, 143, 175, 9.5, 2, '', 0),
(3217, 143, 176, 9.5, 2, '', 0),
(3218, 143, 177, 7.5, 2, '', 0),
(3219, 143, 178, 9, 2, '', 0),
(3220, 143, 179, 10, 2, '', 0),
(3221, 143, 181, 9, 2, '', 0),
(3222, 143, 182, 9, 2, '', 0),
(3223, 143, 183, 10, 2, '', 0),
(3224, 143, 184, 9, 2, '', 0),
(3225, 143, 185, 9, 2, '', 0),
(3226, 143, 186, 8, 2, '', 0),
(3227, 143, 187, 9.5, 2, '', 0),
(3228, 143, 188, 7.5, 2, '', 0),
(3229, 143, 189, 9, 2, '', 0),
(3230, 143, 190, 10, 2, '', 0),
(3231, 143, 191, 9.5, 2, '', 0),
(3232, 143, 192, 10, 2, '', 0),
(3233, 143, 193, 10, 2, '', 0),
(3234, 143, 194, 0.01, 2, 'sin libro', 0),
(3235, 143, 195, 8.5, 2, '', 0),
(3236, 143, 196, 10, 2, '', 0),
(3237, 143, 197, 8, 2, '', 0),
(3238, 143, 198, 10, 2, '', 0),
(3239, 144, 170, 9, 2, '', 0),
(3240, 144, 171, 10, 2, '', 0),
(3241, 144, 172, 0.01, 2, '', 0),
(3242, 144, 173, 10, 2, '', 0),
(3243, 144, 174, 7, 2, '', 0),
(3244, 144, 175, 7, 2, '', 0),
(3245, 144, 176, 8, 2, '', 0),
(3246, 144, 177, 10, 2, '', 0),
(3247, 144, 178, 10, 2, '', 0),
(3248, 144, 179, 8, 2, '', 0),
(3249, 144, 181, 10, 2, '', 0),
(3250, 144, 182, 10, 2, '', 0),
(3251, 144, 183, 10, 2, '', 0),
(3252, 144, 184, 7, 2, 'r', 0),
(3253, 144, 185, 9.5, 2, '', 0),
(3254, 144, 186, 10, 2, '', 0),
(3255, 144, 187, 10, 2, '', 0),
(3256, 144, 188, 7, 2, '', 0),
(3257, 144, 189, 10, 2, '', 0),
(3258, 144, 190, 8, 2, '', 0),
(3259, 144, 191, 8, 2, '', 0),
(3260, 144, 192, 10, 2, '', 0),
(3261, 144, 193, 10, 2, '', 0),
(3262, 144, 194, 10, 2, '', 0),
(3263, 144, 195, 9, 2, '', 0),
(3264, 144, 196, 8, 2, '', 0),
(3265, 144, 197, 10, 2, '', 0),
(3266, 144, 198, 10, 2, '', 0),
(3267, 145, 170, 7.5, 2, '', 0),
(3268, 145, 171, 9, 2, '', 0),
(3269, 145, 172, 6, 2, '', 0),
(3270, 145, 173, 8.5, 2, '', 0),
(3271, 145, 174, 7, 2, '', 0),
(3272, 145, 175, 6.5, 2, '', 0),
(3273, 145, 176, 9, 2, '', 0),
(3274, 145, 177, 8.5, 2, '', 0),
(3275, 145, 178, 8.5, 2, '', 0),
(3276, 145, 179, 9, 2, '', 0),
(3277, 145, 181, 8, 2, '', 0),
(3278, 145, 182, 8, 2, '', 0),
(3279, 145, 183, 7, 2, '', 0),
(3280, 145, 184, 7.5, 2, '', 0),
(3281, 145, 185, 8, 2, '', 0),
(3282, 145, 186, 8.5, 2, '', 0),
(3283, 145, 187, 8, 2, '', 0),
(3284, 145, 188, 5, 2, '', 0),
(3285, 145, 189, 9.5, 2, '', 0),
(3286, 145, 190, 9, 2, '', 0),
(3287, 145, 191, 7.5, 2, '', 0),
(3288, 145, 192, 9.8, 2, '', 0),
(3289, 145, 193, 9.5, 2, '', 0),
(3290, 145, 194, 0.01, 2, 'sin libro', 0),
(3291, 145, 195, 3, 2, '', 0),
(3292, 145, 196, 8.5, 2, '', 0),
(3293, 145, 197, 8, 2, '', 0),
(3294, 145, 198, 8, 2, '', 0),
(3295, 146, 170, 7.5, 2, '', 0),
(3296, 146, 171, 6, 2, '', 0),
(3297, 146, 172, 8, 2, '', 0),
(3298, 146, 173, 9.5, 2, '', 0),
(3299, 146, 174, 10, 2, '', 0),
(3300, 146, 175, 0.01, 2, 'sin libro', 0),
(3301, 146, 176, 10, 2, '', 0),
(3302, 146, 177, 10, 2, '', 0),
(3303, 146, 178, 10, 2, '', 0),
(3304, 146, 179, 10, 2, '', 0),
(3305, 146, 181, 10, 2, '', 0),
(3306, 146, 182, 10, 2, '', 0),
(3307, 146, 183, 9.5, 2, '', 0),
(3308, 146, 184, 6, 2, '', 0),
(3309, 146, 185, 10, 2, '', 0),
(3310, 146, 186, 0.01, 2, 'sin libro', 0),
(3311, 146, 187, 10, 2, '', 0),
(3312, 146, 188, 10, 2, '', 0),
(3313, 146, 189, 10, 2, '', 0),
(3314, 146, 190, 3, 2, '', 0),
(3315, 146, 191, 10, 2, '', 0),
(3316, 146, 192, 10, 2, '', 0),
(3317, 146, 193, 10, 2, '', 0),
(3318, 146, 194, 4.5, 2, '', 0),
(3319, 146, 195, 9, 2, '', 0),
(3320, 146, 196, 10, 2, '', 0),
(3321, 146, 197, 8, 2, '', 0),
(3322, 146, 198, 10, 2, '', 0),
(3323, 147, 170, 7, 2, '', 0),
(3324, 147, 171, 7, 2, '', 0),
(3325, 147, 172, 10, 2, '', 0),
(3326, 147, 173, 7, 2, '', 0),
(3327, 147, 174, 7, 2, '', 0),
(3328, 147, 175, 10, 2, '', 0),
(3329, 147, 176, 10, 2, '', 0),
(3330, 147, 177, 7, 2, '', 0),
(3331, 147, 178, 10, 2, '', 0),
(3332, 147, 179, 10, 2, '', 0),
(3333, 147, 181, 10, 2, '', 0),
(3334, 147, 182, 10, 2, '', 0),
(3335, 147, 183, 10, 2, '', 0),
(3336, 147, 184, 10, 2, '', 0),
(3337, 147, 185, 8, 2, '', 0),
(3338, 147, 186, 8, 2, '', 0),
(3339, 147, 187, 10, 2, '', 0),
(3340, 147, 188, 10, 2, '', 0),
(3341, 147, 189, 10, 2, '', 0),
(3342, 147, 190, 10, 2, '', 0),
(3343, 147, 191, 0, 2, 'f', 0),
(3344, 147, 192, 0, 2, 'f', 0),
(3345, 147, 193, 8, 2, '', 0),
(3346, 147, 194, 8, 2, '', 0),
(3347, 147, 195, 10, 2, '', 0),
(3348, 147, 196, 8, 2, '', 0),
(3349, 147, 197, 10, 2, '', 0),
(3350, 147, 198, 7, 2, '', 0),
(3351, 148, 170, 7, 2, '', 0),
(3352, 148, 171, 5, 2, '', 0),
(3353, 148, 172, 10, 2, '', 0),
(3354, 148, 173, 3, 2, '', 0),
(3355, 148, 174, 9.5, 2, '', 0),
(3356, 148, 175, 7.5, 2, '', 0),
(3357, 148, 176, 8.5, 2, '', 0),
(3358, 148, 177, 8, 2, '', 0),
(3359, 148, 178, 8, 2, '', 0),
(3360, 148, 179, 9, 2, '', 0),
(3361, 148, 181, 0.01, 2, '', 0),
(3362, 148, 182, 0.01, 2, '', 0),
(3363, 148, 183, 5, 2, '', 0),
(3364, 148, 184, 1, 2, '', 0),
(3365, 148, 185, 5, 2, '', 0),
(3366, 148, 186, 7.5, 2, '', 0),
(3367, 148, 187, 10, 2, '', 0),
(3368, 148, 188, 0.01, 2, '', 0),
(3369, 148, 189, 8, 2, '', 0),
(3370, 148, 190, 8, 2, '', 0),
(3371, 148, 191, 1, 2, '', 0),
(3372, 148, 192, 8, 2, '', 0),
(3373, 148, 193, 10, 2, '', 0),
(3374, 148, 194, 7, 2, '', 0),
(3375, 148, 195, 7, 2, '', 0),
(3376, 148, 196, 7, 2, '', 0),
(3377, 148, 197, 7, 2, '', 0),
(3378, 148, 198, 6, 2, '', 0),
(3379, 149, 170, 9, 2, 'r', 0),
(3380, 149, 171, 9.5, 2, '', 0),
(3381, 149, 172, 7.5, 2, '', 0),
(3382, 149, 173, 9, 2, 'r', 0),
(3383, 149, 174, 9.5, 2, '', 0),
(3384, 149, 175, 7.5, 2, '', 0),
(3385, 149, 176, 9, 2, '', 0),
(3386, 149, 177, 8, 2, '', 0),
(3387, 149, 178, 7.5, 2, '', 0),
(3388, 149, 179, 9, 2, '', 0),
(3389, 149, 181, 8.5, 2, '', 0),
(3390, 149, 182, 8, 2, 'r', 0),
(3391, 149, 183, 7.5, 2, '', 0),
(3392, 149, 184, 6, 2, '', 0),
(3393, 149, 185, 10, 2, '', 0),
(3394, 149, 186, 9.5, 2, 'm', 0),
(3395, 149, 187, 8, 2, '', 0),
(3396, 149, 188, 7, 2, '', 0),
(3397, 149, 189, 9, 2, '', 0),
(3398, 149, 190, 10, 2, 'm', 0),
(3399, 149, 191, 7, 2, '', 0),
(3400, 149, 192, 10, 2, '', 0),
(3401, 149, 193, 10, 2, '', 0),
(3402, 149, 194, 9, 2, 'r', 0),
(3403, 149, 195, 6, 2, '', 0),
(3404, 149, 196, 7, 2, '', 0),
(3405, 149, 197, 8, 2, '', 0),
(3406, 149, 198, 7, 2, '', 0),
(3407, 150, 170, 8, 2, '', 0),
(3408, 150, 171, 7.6, 2, '', 0),
(3409, 150, 172, 0, 2, '', 0),
(3410, 150, 173, 4.8, 2, '', 0),
(3411, 150, 174, 0, 2, '', 0),
(3412, 150, 175, 5.1, 2, '', 0),
(3413, 150, 176, 10, 2, '', 0),
(3414, 150, 177, 6.2, 2, '', 0),
(3415, 150, 178, 7.6, 2, '', 0),
(3416, 150, 179, 10, 2, '', 0),
(3417, 150, 181, 9.1, 2, '', 0),
(3418, 150, 182, 6, 2, '', 0),
(3419, 150, 183, 6.8, 2, '', 0),
(3420, 150, 184, 2.6, 2, '', 0),
(3421, 150, 185, 8.6, 2, '', 0),
(3422, 150, 186, 8, 2, '', 0),
(3423, 150, 187, 8.4, 2, '', 0),
(3424, 150, 188, 0, 2, '', 0),
(3425, 150, 189, 10, 2, '', 0),
(3426, 150, 190, 10, 2, '', 0),
(3427, 150, 191, 5.2, 2, '', 0),
(3428, 150, 192, 9.6, 2, '', 0),
(3429, 150, 193, 10, 2, '', 0),
(3430, 150, 194, 4.8, 2, '', 0),
(3431, 150, 195, 5.2, 2, '', 0),
(3432, 150, 196, 7.9, 2, '', 0),
(3433, 150, 197, 10, 2, '', 0),
(3434, 150, 198, 7.6, 2, '', 0),
(3435, 151, 170, 5.4, 2, '', 0),
(3436, 151, 171, 7.4, 2, '', 0),
(3437, 151, 172, 4.6, 2, '', 0),
(3438, 151, 173, 1, 2, '', 0),
(3439, 151, 174, 9.4, 2, '', 0),
(3440, 151, 175, 4, 2, '', 0),
(3441, 151, 176, 8, 2, '', 0),
(3442, 151, 177, 9.4, 2, '', 0),
(3443, 151, 178, 9.4, 2, '', 0),
(3444, 151, 179, 6, 2, '', 0),
(3445, 151, 181, 10, 2, '', 0),
(3446, 151, 182, 8.8, 2, '', 0),
(3447, 151, 183, 10, 2, '', 0),
(3448, 151, 184, 6, 2, '', 0),
(3449, 151, 185, 6, 2, '', 0),
(3450, 151, 186, 9.4, 2, '', 0),
(3451, 151, 187, 2, 2, '', 0),
(3452, 151, 188, 9, 2, '', 0),
(3453, 151, 189, 10, 2, '', 0),
(3454, 151, 190, 10, 2, '', 0),
(3455, 151, 191, 2, 2, '', 0),
(3456, 151, 192, 8, 2, '', 0),
(3457, 151, 193, 8, 2, '', 0),
(3458, 151, 194, 5.4, 2, '', 0),
(3459, 151, 195, 9.4, 2, '', 0),
(3460, 151, 196, 6, 2, '', 0),
(3461, 151, 197, 10, 2, '', 0),
(3462, 151, 198, 8.8, 2, '', 0),
(3463, 152, 170, 10, 2, '', 0),
(3464, 152, 171, 7, 2, 'r', 0),
(3465, 152, 172, 8, 2, '', 0),
(3466, 152, 173, 10, 2, '', 0),
(3467, 152, 174, 10, 2, '', 0),
(3468, 152, 175, 9, 2, '', 0),
(3469, 152, 176, 9, 2, '', 0),
(3470, 152, 177, 10, 2, '', 0),
(3471, 152, 178, 10, 2, '', 0),
(3472, 152, 179, 10, 2, '', 0),
(3473, 152, 181, 9, 2, '', 0),
(3474, 152, 182, 9, 2, '', 0),
(3475, 152, 183, 9, 2, '', 0),
(3476, 152, 184, 7, 2, 'r', 0),
(3477, 152, 185, 6, 2, '', 0),
(3478, 152, 186, 10, 2, '', 0),
(3479, 152, 187, 9, 2, '', 0),
(3480, 152, 188, 0.01, 2, '', 0),
(3481, 152, 189, 10, 2, '', 0),
(3482, 152, 190, 10, 2, '', 0),
(3483, 152, 191, 9, 2, '', 0),
(3484, 152, 192, 10, 2, '', 0),
(3485, 152, 193, 10, 2, '', 0),
(3486, 152, 194, 9, 2, '', 0),
(3487, 152, 195, 8, 2, '', 0),
(3488, 152, 196, 10, 2, '', 0),
(3489, 152, 197, 9, 2, '', 0),
(3490, 152, 198, 10, 2, '', 0),
(3491, 153, 170, 7, 2, '', 0),
(3492, 153, 171, 9.5, 2, '', 0),
(3493, 153, 172, 10, 2, '', 0),
(3494, 153, 173, 9, 2, '', 0),
(3495, 153, 174, 9, 2, '', 0),
(3496, 153, 175, 10, 2, '', 0),
(3497, 153, 176, 5, 2, '', 0),
(3498, 153, 177, 8, 2, '', 0),
(3499, 153, 178, 10, 2, '', 0),
(3500, 153, 179, 10, 2, '', 0),
(3501, 153, 181, 7, 2, '', 0),
(3502, 153, 182, 0, 2, 'f', 0),
(3503, 153, 183, 8, 2, '', 0),
(3504, 153, 184, 7, 2, '', 0),
(3505, 153, 185, 9, 2, '', 0),
(3506, 153, 186, 9, 2, '', 0),
(3507, 153, 187, 10, 2, '', 0),
(3508, 153, 188, 7, 2, '', 0),
(3509, 153, 189, 10, 2, '', 0),
(3510, 153, 190, 7, 2, '', 0),
(3511, 153, 191, 9.5, 2, '', 0),
(3512, 153, 192, 9, 2, '', 0),
(3513, 153, 193, 10, 2, '', 0),
(3514, 153, 194, 10, 2, '', 0),
(3515, 153, 195, 8, 2, '', 0),
(3516, 153, 196, 9, 2, '', 0),
(3517, 153, 197, 8, 2, '', 0),
(3518, 153, 198, 10, 2, '', 0),
(3519, 154, 170, 5, 2, '', 0),
(3520, 154, 171, 9.5, 2, '', 0),
(3521, 154, 172, 8.5, 2, '', 0),
(3522, 154, 173, 8.5, 2, '', 0),
(3523, 154, 174, 8.5, 2, '', 0),
(3524, 154, 175, 9.5, 2, '', 0),
(3525, 154, 176, 10, 2, '', 0),
(3526, 154, 177, 9.5, 2, '', 0),
(3527, 154, 178, 9.5, 2, '', 0),
(3528, 154, 179, 9.5, 2, '', 0),
(3529, 154, 181, 4.5, 2, '', 0),
(3530, 154, 182, 0, 2, 'f', 0),
(3531, 154, 183, 9.5, 2, '', 0),
(3532, 154, 184, 0.01, 2, '', 0),
(3533, 154, 185, 9.5, 2, '', 0),
(3534, 154, 186, 8, 2, '', 0),
(3535, 154, 187, 9.5, 2, '', 0),
(3536, 154, 188, 0.01, 2, '', 0),
(3537, 154, 189, 9.5, 2, '', 0),
(3538, 154, 190, 9.5, 2, '', 0),
(3539, 154, 191, 10, 2, '', 0),
(3540, 154, 192, 10, 2, '', 0),
(3541, 154, 193, 10, 2, '', 0),
(3542, 154, 194, 4.5, 2, '', 0),
(3543, 154, 195, 7.5, 2, '', 0),
(3544, 154, 196, 9, 2, '', 0),
(3545, 154, 197, 9.5, 2, '', 0),
(3546, 154, 198, 8.5, 2, '', 0),
(3547, 155, 170, 7, 2, '', 0),
(3548, 155, 171, 7, 2, '', 0),
(3549, 155, 172, 10, 2, '', 0),
(3550, 155, 173, 7, 2, '', 0),
(3551, 155, 174, 7, 2, '', 0),
(3552, 155, 175, 10, 2, '', 0),
(3553, 155, 176, 10, 2, '', 0),
(3554, 155, 177, 7, 2, '', 0),
(3555, 155, 178, 10, 2, '', 0),
(3556, 155, 179, 10, 2, '', 0),
(3557, 155, 181, 10, 2, '', 0);
INSERT INTO `calificaciones` (`id_calificacion`, `calificaciones_info_id_calificacion_info`, `alumnos_id_alumno`, `valor_calificacion`, `usuarios_id_usuario`, `observacion_calificacion`, `calificaciones_estados_id_calificacion_estado`) VALUES
(3558, 155, 182, 10, 2, '', 0),
(3559, 155, 183, 10, 2, '', 0),
(3560, 155, 184, 10, 2, '', 0),
(3561, 155, 185, 8, 2, '', 0),
(3562, 155, 186, 8, 2, '', 0),
(3563, 155, 187, 10, 2, '', 0),
(3564, 155, 188, 10, 2, '', 0),
(3565, 155, 189, 10, 2, '', 0),
(3566, 155, 190, 10, 2, '', 0),
(3567, 155, 191, 0, 2, 'f', 0),
(3568, 155, 192, 0, 2, 'f', 0),
(3569, 155, 193, 8, 2, '', 0),
(3570, 155, 194, 8, 2, '', 0),
(3571, 155, 195, 10, 2, '', 0),
(3572, 155, 196, 8, 2, '', 0),
(3573, 155, 197, 10, 2, '', 0),
(3574, 155, 198, 7, 2, '', 0),
(3575, 156, 170, 2, 2, '', 0),
(3576, 156, 171, 10, 2, '', 0),
(3577, 156, 172, 10, 2, '', 0),
(3578, 156, 173, 10, 2, '', 0),
(3579, 156, 174, 10, 2, '', 0),
(3580, 156, 175, 0.01, 2, 'sin libro', 0),
(3581, 156, 176, 10, 2, '', 0),
(3582, 156, 177, 8, 2, '', 0),
(3583, 156, 178, 10, 2, '', 0),
(3584, 156, 179, 10, 2, '', 0),
(3585, 156, 181, 10, 2, '', 0),
(3586, 156, 182, 10, 2, '', 0),
(3587, 156, 183, 10, 2, '', 0),
(3588, 156, 184, 2, 2, '', 0),
(3589, 156, 185, 9, 2, '', 0),
(3590, 156, 186, 6, 2, '', 0),
(3591, 156, 187, 10, 2, '', 0),
(3592, 156, 188, 0, 2, 'f', 0),
(3593, 156, 189, 10, 2, '', 0),
(3594, 156, 190, 10, 2, '', 0),
(3595, 156, 191, 10, 2, '', 0),
(3596, 156, 192, 4, 2, '', 0),
(3597, 156, 193, 10, 2, '', 0),
(3598, 156, 194, 8, 2, '', 0),
(3599, 156, 195, 10, 2, '', 0),
(3600, 156, 196, 10, 2, '', 0),
(3601, 156, 197, 10, 2, '', 0),
(3602, 156, 198, 10, 2, '', 0),
(3603, 157, 170, 7.8, 2, '', 0),
(3604, 157, 171, 7.6, 2, '', 0),
(3605, 157, 172, 9.4, 2, '', 0),
(3606, 157, 173, 2.5, 2, '', 0),
(3607, 157, 174, 9.6, 2, '', 0),
(3608, 157, 175, 7.6, 2, '', 0),
(3609, 157, 176, 7.5, 2, '', 0),
(3610, 157, 177, 8.3, 2, '', 0),
(3611, 157, 178, 8, 2, '', 0),
(3612, 157, 179, 8.6, 2, '', 0),
(3613, 157, 181, 8.8, 2, '', 0),
(3614, 157, 182, 0, 2, 'copia', 0),
(3615, 157, 183, 5.5, 2, '', 0),
(3616, 157, 184, 3, 2, '', 0),
(3617, 157, 185, 9, 2, '', 0),
(3618, 157, 186, 10, 2, '', 0),
(3619, 157, 187, 9.8, 2, '', 0),
(3620, 157, 188, 5.5, 2, '', 0),
(3621, 157, 189, 10, 2, '', 0),
(3622, 157, 190, 9.5, 2, '', 0),
(3623, 157, 191, 7.8, 2, '', 0),
(3624, 157, 192, 7.5, 2, '', 0),
(3625, 157, 193, 8.5, 2, '', 0),
(3626, 157, 194, 0, 2, 'copia', 0),
(3627, 157, 195, 4.4, 2, '', 0),
(3628, 157, 196, 8.5, 2, '', 0),
(3629, 157, 197, 8, 2, '', 0),
(3630, 157, 198, 8.5, 2, '', 0),
(3631, 158, 170, 10, 2, '', 0),
(3632, 158, 171, 10, 2, '', 0),
(3633, 158, 172, 10, 2, '', 0),
(3634, 158, 173, 6.5, 2, '', 0),
(3635, 158, 174, 10, 2, '', 0),
(3636, 158, 175, 9, 2, '', 0),
(3637, 158, 176, 6.5, 2, '', 0),
(3638, 158, 177, 9.5, 2, '', 0),
(3639, 158, 178, 8, 2, '', 0),
(3640, 158, 179, 10, 2, '', 0),
(3641, 158, 181, 9, 2, '', 0),
(3642, 158, 182, 10, 2, '', 0),
(3643, 158, 183, 10, 2, '', 0),
(3644, 158, 184, 10, 2, '', 0),
(3645, 158, 185, 10, 2, '', 0),
(3646, 158, 186, 9, 2, '', 0),
(3647, 158, 187, 9.5, 2, '', 0),
(3648, 158, 188, 9.5, 2, '', 0),
(3649, 158, 189, 10, 2, '', 0),
(3650, 158, 190, 6, 2, '', 0),
(3651, 158, 191, 8, 2, '', 0),
(3652, 158, 192, 5, 2, '', 0),
(3653, 158, 193, 9.5, 2, '', 0),
(3654, 158, 194, 10, 2, '', 0),
(3655, 158, 195, 8.5, 2, '', 0),
(3656, 158, 196, 10, 2, '', 0),
(3657, 158, 197, 10, 2, '', 0),
(3658, 158, 198, 10, 2, '', 0),
(3659, 159, 170, 10, 2, '', 0),
(3660, 159, 171, 10, 2, '', 0),
(3661, 159, 172, 0, 2, 'f', 0),
(3662, 159, 173, 8.5, 2, '', 0),
(3663, 159, 174, 9.5, 2, '', 0),
(3664, 159, 175, 8, 2, '', 0),
(3665, 159, 176, 9, 2, '', 0),
(3666, 159, 177, 8, 2, '', 0),
(3667, 159, 178, 8, 2, '', 0),
(3668, 159, 179, 10, 2, '', 0),
(3669, 159, 181, 10, 2, '', 0),
(3670, 159, 182, 10, 2, '', 0),
(3671, 159, 183, 9, 2, '', 0),
(3672, 159, 184, 9, 2, '', 0),
(3673, 159, 185, 10, 2, '', 0),
(3674, 159, 186, 8, 2, '', 0),
(3675, 159, 187, 9, 2, '', 0),
(3676, 159, 188, 10, 2, '', 0),
(3677, 159, 189, 9.5, 2, '', 0),
(3678, 159, 190, 10, 2, '', 0),
(3679, 159, 191, 10, 2, '', 0),
(3680, 159, 192, 8, 2, '', 0),
(3681, 159, 193, 10, 2, '', 0),
(3682, 159, 194, 7.5, 2, '', 0),
(3683, 159, 195, 10, 2, '', 0),
(3684, 159, 196, 9.5, 2, '', 0),
(3685, 159, 197, 9.8, 2, '', 0),
(3686, 159, 198, 10, 2, '', 0),
(3687, 160, 170, 10, 2, '', 0),
(3688, 160, 171, 8.5, 2, '', 0),
(3689, 160, 172, 0, 2, 'f', 0),
(3690, 160, 173, 9.5, 2, '', 0),
(3691, 160, 174, 8, 2, '', 0),
(3692, 160, 175, 8, 2, '', 0),
(3693, 160, 176, 9, 2, '', 0),
(3694, 160, 177, 9, 2, '', 0),
(3695, 160, 178, 9, 2, '', 0),
(3696, 160, 179, 8, 2, '', 0),
(3697, 160, 181, 6.5, 2, '', 0),
(3698, 160, 182, 8.5, 2, '', 0),
(3699, 160, 183, 7, 2, '', 0),
(3700, 160, 184, 7.5, 2, '', 0),
(3701, 160, 185, 8.5, 2, '', 0),
(3702, 160, 186, 9, 2, '', 0),
(3703, 160, 187, 10, 2, '', 0),
(3704, 160, 188, 9.5, 2, '', 0),
(3705, 160, 189, 7.5, 2, '', 0),
(3706, 160, 190, 9, 2, '', 0),
(3707, 160, 191, 9, 2, '', 0),
(3708, 160, 192, 0, 2, 'f', 0),
(3709, 160, 193, 6.5, 2, '', 0),
(3710, 160, 194, 9, 2, '', 0),
(3711, 160, 195, 8, 2, '', 0),
(3712, 160, 196, 10, 2, '', 0),
(3713, 160, 197, 8, 2, '', 0),
(3714, 160, 198, 8.5, 2, '', 0),
(3715, 161, 170, 7, 2, '', 0),
(3716, 161, 171, 6, 2, '', 0),
(3717, 161, 172, 9, 2, '', 0),
(3718, 161, 173, 0.01, 2, '', 0),
(3719, 161, 174, 6, 2, '', 0),
(3720, 161, 175, 9, 2, '', 0),
(3721, 161, 176, 8, 2, '', 0),
(3722, 161, 177, 9, 2, '', 0),
(3723, 161, 178, 9, 2, '', 0),
(3724, 161, 179, 9, 2, '', 0),
(3725, 161, 181, 4, 2, '', 0),
(3726, 161, 182, 9, 2, '', 0),
(3727, 161, 183, 6, 2, '', 0),
(3728, 161, 184, 0.01, 2, '', 0),
(3729, 161, 185, 8, 2, '', 0),
(3730, 161, 186, 8, 2, '', 0),
(3731, 161, 187, 8, 2, '', 0),
(3732, 161, 188, 0, 2, 'f', 0),
(3733, 161, 189, 8, 2, '', 0),
(3734, 161, 190, 5, 2, '', 0),
(3735, 161, 191, 6, 2, '', 0),
(3736, 161, 192, 8, 2, '', 0),
(3737, 161, 193, 8, 2, '', 0),
(3738, 161, 194, 0.01, 2, 'sin libro', 0),
(3739, 161, 195, 4, 2, '', 0),
(3740, 161, 196, 8, 2, '', 0),
(3741, 161, 197, 8, 2, '', 0),
(3742, 161, 198, 8, 2, '', 0),
(3743, 162, 170, 4, 2, '', 0),
(3744, 162, 171, 4, 2, '', 0),
(3745, 162, 172, 5, 2, '', 0),
(3746, 162, 173, 4, 2, '', 0),
(3747, 162, 174, 4, 2, '', 0),
(3748, 162, 175, 7, 2, '', 0),
(3749, 162, 176, 7, 2, '', 0),
(3750, 162, 177, 4, 2, '', 0),
(3751, 162, 178, 5, 2, '', 0),
(3752, 162, 179, 7, 2, '', 0),
(3753, 162, 181, 7, 2, '', 0),
(3754, 162, 182, 7, 2, '', 0),
(3755, 162, 183, 5, 2, '', 0),
(3756, 162, 184, 5, 2, '', 0),
(3757, 162, 185, 5, 2, '', 0),
(3758, 162, 186, 5, 2, '', 0),
(3759, 162, 187, 7, 2, '', 0),
(3760, 162, 188, 7, 2, '', 0),
(3761, 162, 189, 7, 2, '', 0),
(3762, 162, 190, 7, 2, '', 0),
(3763, 162, 191, 0, 2, 'f', 0),
(3764, 162, 192, 0, 2, 'f', 0),
(3765, 162, 193, 5, 2, '', 0),
(3766, 162, 194, 5, 2, '', 0),
(3767, 162, 195, 5, 2, '', 0),
(3768, 162, 196, 5, 2, '', 0),
(3769, 162, 197, 7, 2, '', 0),
(3770, 162, 198, 4, 2, '', 0),
(3771, 163, 170, 10, 2, '', 0),
(3772, 163, 171, 9, 2, '', 0),
(3773, 163, 172, 6, 2, '', 0),
(3774, 163, 173, 7, 2, '', 0),
(3775, 163, 174, 8, 2, '', 0),
(3776, 163, 175, 8.8, 2, '', 0),
(3777, 163, 176, 8, 2, '', 0),
(3778, 163, 177, 6, 2, '', 0),
(3779, 163, 178, 9.8, 2, '', 0),
(3780, 163, 179, 9, 2, '', 0),
(3781, 163, 181, 10, 2, '', 0),
(3782, 163, 182, 6, 2, '', 0),
(3783, 163, 183, 6.5, 2, '', 0),
(3784, 163, 184, 1, 2, '', 0),
(3785, 163, 185, 7, 2, '', 0),
(3786, 163, 186, 7, 2, '', 0),
(3787, 163, 187, 9, 2, '', 0),
(3788, 163, 188, 0, 2, 'f', 0),
(3789, 163, 189, 9, 2, '', 0),
(3790, 163, 190, 8, 2, '', 0),
(3791, 163, 191, 9, 2, '', 0),
(3792, 163, 192, 10, 2, '', 0),
(3793, 163, 193, 10, 2, '', 0),
(3794, 163, 194, 3, 2, '', 0),
(3795, 163, 195, 6, 2, '', 0),
(3796, 163, 196, 8, 2, '', 0),
(3797, 163, 197, 8, 2, '', 0),
(3798, 163, 198, 7, 2, '', 0),
(3799, 164, 170, 6.5, 2, '', 0),
(3800, 164, 171, 8.5, 2, '', 0),
(3801, 164, 172, 7.5, 2, '', 0),
(3802, 164, 173, 7, 2, '', 0),
(3803, 164, 174, 10, 2, '', 0),
(3804, 164, 175, 8, 2, '', 0),
(3805, 164, 176, 8, 2, '', 0),
(3806, 164, 177, 7.5, 2, '', 0),
(3807, 164, 178, 8.5, 2, '', 0),
(3808, 164, 179, 9, 2, '', 0),
(3809, 164, 181, 8.5, 2, '', 0),
(3810, 164, 182, 6.5, 2, '', 0),
(3811, 164, 183, 7, 2, '', 0),
(3812, 164, 184, 2.5, 2, '', 0),
(3813, 164, 185, 7, 2, '', 0),
(3814, 164, 186, 7, 2, '', 0),
(3815, 164, 187, 8.5, 2, '', 0),
(3816, 164, 188, 4.5, 2, '', 0),
(3817, 164, 189, 8.5, 2, '', 0),
(3818, 164, 190, 8.5, 2, '', 0),
(3819, 164, 191, 5.5, 2, '', 0),
(3820, 164, 192, 9.5, 2, '', 0),
(3821, 164, 193, 8.5, 2, '', 0),
(3822, 164, 194, 6, 2, '', 0),
(3823, 164, 195, 3.5, 2, '', 0),
(3824, 164, 196, 8, 2, '', 0),
(3825, 164, 197, 8, 2, '', 0),
(3826, 164, 198, 8, 2, '', 0),
(3827, 165, 199, 10, 2, '', 0),
(3828, 165, 200, 9, 2, '', 0),
(3829, 165, 201, 10, 2, '', 0),
(3830, 165, 202, 8, 2, '', 0),
(3831, 165, 203, 9, 2, '', 0),
(3832, 165, 204, 7, 2, '', 0),
(3833, 165, 659, 10, 2, '', 0),
(3834, 165, 205, 9.5, 2, '', 0),
(3835, 165, 206, 7, 2, '', 0),
(3836, 165, 207, 10, 2, '', 0),
(3837, 165, 208, 10, 2, '', 0),
(3838, 165, 209, 10, 2, '', 0),
(3839, 165, 210, 8, 2, '', 0),
(3840, 165, 211, 10, 2, '', 0),
(3841, 165, 212, 10, 2, '', 0),
(3842, 165, 213, 10, 2, '', 0),
(3843, 165, 214, 9.5, 2, '', 0),
(3844, 165, 215, 8, 2, '', 0),
(3845, 165, 216, 8, 2, '', 0),
(3846, 165, 217, 8, 2, '', 0),
(3847, 165, 218, 7, 2, '', 0),
(3848, 165, 219, 10, 2, '', 0),
(3849, 165, 220, 10, 2, '', 0),
(3850, 165, 221, 7, 2, '', 0),
(3851, 165, 222, 10, 2, '', 0),
(3852, 165, 223, 9.5, 2, '', 0),
(3853, 165, 224, 9, 2, '', 0),
(3854, 165, 225, 0.01, 2, '', 0),
(3855, 165, 226, 10, 2, '', 0),
(3856, 166, 199, 10, 2, '', 0),
(3857, 166, 200, 10, 2, '', 0),
(3858, 166, 201, 10, 2, '', 0),
(3859, 166, 202, 10, 2, '', 0),
(3860, 166, 203, 10, 2, '', 0),
(3861, 166, 204, 10, 2, '', 0),
(3862, 166, 659, 10, 2, '', 0),
(3863, 166, 205, 10, 2, '', 0),
(3864, 166, 206, 10, 2, '', 0),
(3865, 166, 207, 10, 2, '', 0),
(3866, 166, 208, 10, 2, '', 0),
(3867, 166, 209, 10, 2, '', 0),
(3868, 166, 210, 10, 2, '', 0),
(3869, 166, 211, 10, 2, '', 0),
(3870, 166, 212, 10, 2, '', 0),
(3871, 166, 213, 10, 2, '', 0),
(3872, 166, 214, 10, 2, '', 0),
(3873, 166, 215, 10, 2, '', 0),
(3874, 166, 216, 10, 2, '', 0),
(3875, 166, 217, 10, 2, '', 0),
(3876, 166, 218, 10, 2, '', 0),
(3877, 166, 219, 10, 2, '', 0),
(3878, 166, 220, 10, 2, '', 0),
(3879, 166, 221, 10, 2, '', 0),
(3880, 166, 222, 10, 2, '', 0),
(3881, 166, 223, 10, 2, '', 0),
(3882, 166, 224, 10, 2, '', 0),
(3883, 166, 225, 10, 2, '', 0),
(3884, 166, 226, 10, 2, '', 0),
(3885, 167, 199, 10, 2, '', 0),
(3886, 167, 200, 10, 2, '', 0),
(3887, 167, 201, 10, 2, '', 0),
(3888, 167, 202, 9, 2, '', 0),
(3889, 167, 203, 0.01, 2, '', 0),
(3890, 167, 204, 0.01, 2, '', 0),
(3891, 167, 659, 7, 2, '', 0),
(3892, 167, 205, 9, 2, '', 0),
(3893, 167, 206, 7, 2, 'r', 0),
(3894, 167, 207, 7, 2, '', 0),
(3895, 167, 208, 7, 2, '', 0),
(3896, 167, 209, 10, 2, '', 0),
(3897, 167, 210, 10, 2, '', 0),
(3898, 167, 211, 7, 2, 'r', 0),
(3899, 167, 212, 10, 2, '', 0),
(3900, 167, 213, 10, 2, '', 0),
(3901, 167, 214, 0.01, 2, '', 0),
(3902, 167, 215, 7, 2, 'r', 0),
(3903, 167, 216, 7, 2, 'r', 0),
(3904, 167, 217, 0.01, 2, '', 0),
(3905, 167, 218, 0.01, 2, '', 0),
(3906, 167, 219, 7, 2, 'r', 0),
(3907, 167, 220, 0.01, 2, '', 0),
(3908, 167, 221, 10, 2, '', 0),
(3909, 167, 222, 9, 2, '', 0),
(3910, 167, 223, 9.5, 2, '', 0),
(3911, 167, 224, 0.01, 2, '', 0),
(3912, 167, 225, 10, 2, '', 0),
(3913, 167, 226, 7, 2, 'r', 0),
(3914, 168, 199, 8, 2, '', 0),
(3915, 168, 200, 7.5, 2, '', 0),
(3916, 168, 201, 8.5, 2, '', 0),
(3917, 168, 202, 8.5, 2, '', 0),
(3918, 168, 203, 8.5, 2, '', 0),
(3919, 168, 204, 7.5, 2, '', 0),
(3920, 168, 659, 8.5, 2, '', 0),
(3921, 168, 205, 7, 2, '', 0),
(3922, 168, 206, 10, 2, '', 0),
(3923, 168, 207, 8.5, 2, '', 0),
(3924, 168, 208, 10, 2, '', 0),
(3925, 168, 209, 8.5, 2, '', 0),
(3926, 168, 210, 8, 2, '', 0),
(3927, 168, 211, 0.01, 2, '', 0),
(3928, 168, 212, 7.5, 2, '', 0),
(3929, 168, 213, 10, 2, '', 0),
(3930, 168, 214, 10, 2, '', 0),
(3931, 168, 215, 8, 2, '', 0),
(3932, 168, 216, 8, 2, '', 0),
(3933, 168, 217, 6, 2, '', 0),
(3934, 168, 218, 7, 2, '', 0),
(3935, 168, 219, 7, 2, 'r', 0),
(3936, 168, 220, 8.5, 2, '', 0),
(3937, 168, 221, 7.5, 2, '', 0),
(3938, 168, 222, 8.5, 2, '', 0),
(3939, 168, 223, 10, 2, '', 0),
(3940, 168, 224, 8.5, 2, '', 0),
(3941, 168, 225, 8.5, 2, '', 0),
(3942, 168, 226, 8.5, 2, '', 0),
(3943, 169, 199, 8, 2, '', 0),
(3944, 169, 200, 10, 2, '', 0),
(3945, 169, 201, 5, 2, '', 0),
(3946, 169, 202, 10, 2, '', 0),
(3947, 169, 203, 0.01, 2, '', 0),
(3948, 169, 204, 7, 2, '', 0),
(3949, 169, 659, 0.01, 2, '', 0),
(3950, 169, 205, 9, 2, '', 0),
(3951, 169, 206, 10, 2, '', 0),
(3952, 169, 207, 10, 2, '', 0),
(3953, 169, 208, 9, 2, '', 0),
(3954, 169, 209, 10, 2, '', 0),
(3955, 169, 210, 10, 2, '', 0),
(3956, 169, 211, 10, 2, '', 0),
(3957, 169, 212, 10, 2, '', 0),
(3958, 169, 213, 10, 2, '', 0),
(3959, 169, 214, 7, 2, '', 0),
(3960, 169, 215, 7, 2, '', 0),
(3961, 169, 216, 9.5, 2, '', 0),
(3962, 169, 217, 10, 2, '', 0),
(3963, 169, 218, 10, 2, '', 0),
(3964, 169, 219, 0.01, 2, '', 0),
(3965, 169, 220, 7, 2, 'r', 0),
(3966, 169, 221, 10, 2, '', 0),
(3967, 169, 222, 8, 2, '', 0),
(3968, 169, 223, 10, 2, '', 0),
(3969, 169, 224, 7, 2, '', 0),
(3970, 169, 225, 10, 2, '', 0),
(3971, 169, 226, 7, 2, '', 0),
(3972, 170, 199, 6, 2, '', 0),
(3973, 170, 200, 7, 2, '', 0),
(3974, 170, 201, 7, 2, '', 0),
(3975, 170, 202, 7, 2, '', 0),
(3976, 170, 203, 7, 2, '', 0),
(3977, 170, 204, 7, 2, 'r', 0),
(3978, 170, 659, 5, 2, '', 0),
(3979, 170, 205, 7, 2, 'r', 0),
(3980, 170, 206, 8.5, 2, '', 0),
(3981, 170, 207, 8, 2, '', 0),
(3982, 170, 208, 8, 2, '', 0),
(3983, 170, 209, 7, 2, '', 0),
(3984, 170, 210, 8, 2, '', 0),
(3985, 170, 211, 8, 2, '', 0),
(3986, 170, 212, 10, 2, '', 0),
(3987, 170, 213, 10, 2, '', 0),
(3988, 170, 214, 10, 2, '', 0),
(3989, 170, 215, 7, 2, '', 0),
(3990, 170, 216, 7.5, 2, '', 0),
(3991, 170, 217, 3, 2, '', 0),
(3992, 170, 218, 9, 2, '', 0),
(3993, 170, 219, 10, 2, '', 0),
(3994, 170, 220, 0.01, 2, '', 0),
(3995, 170, 221, 8, 2, '', 0),
(3996, 170, 222, 7, 2, '', 0),
(3997, 170, 223, 0.01, 2, '', 0),
(3998, 170, 224, 7, 2, '', 0),
(3999, 170, 225, 7, 2, '', 0),
(4000, 170, 226, 9, 2, '', 0),
(4001, 171, 199, 10, 2, '', 0),
(4002, 171, 200, 5, 2, '', 0),
(4003, 171, 201, 10, 2, '', 0),
(4004, 171, 202, 9.8, 2, '', 0),
(4005, 171, 203, 10, 2, '', 0),
(4006, 171, 204, 5, 2, '', 0),
(4007, 171, 659, 10, 2, '', 0),
(4008, 171, 205, 7, 2, '', 0),
(4009, 171, 206, 7, 2, '', 0),
(4010, 171, 207, 10, 2, '', 0),
(4011, 171, 208, 9, 2, '', 0),
(4012, 171, 209, 9.8, 2, '', 0),
(4013, 171, 210, 7, 2, '', 0),
(4014, 171, 211, 10, 2, '', 0),
(4015, 171, 212, 10, 2, '', 0),
(4016, 171, 213, 10, 2, '', 0),
(4017, 171, 214, 10, 2, '', 0),
(4018, 171, 215, 10, 2, '', 0),
(4019, 171, 216, 10, 2, '', 0),
(4020, 171, 217, 7, 2, '', 0),
(4021, 171, 218, 10, 2, '', 0),
(4022, 171, 219, 3, 2, '', 0),
(4023, 171, 220, 5, 2, '', 0),
(4024, 171, 221, 9, 2, '', 0),
(4025, 171, 222, 4.5, 2, '', 0),
(4026, 171, 223, 10, 2, '', 0),
(4027, 171, 224, 9.5, 2, '', 0),
(4028, 171, 225, 0.01, 2, 'SIN LIBRO', 0),
(4029, 171, 226, 8, 2, '', 0),
(4030, 172, 199, 10, 2, '', 0),
(4031, 172, 200, 10, 2, '', 0),
(4032, 172, 201, 10, 2, '', 0),
(4033, 172, 202, 10, 2, '', 0),
(4034, 172, 203, 10, 2, '', 0),
(4035, 172, 204, 10, 2, '', 0),
(4036, 172, 659, 10, 2, '', 0),
(4037, 172, 205, 10, 2, '', 0),
(4038, 172, 206, 10, 2, '', 0),
(4039, 172, 207, 10, 2, '', 0),
(4040, 172, 208, 10, 2, '', 0),
(4041, 172, 209, 10, 2, '', 0),
(4042, 172, 210, 10, 2, '', 0),
(4043, 172, 211, 10, 2, '', 0),
(4044, 172, 212, 10, 2, '', 0),
(4045, 172, 213, 10, 2, '', 0),
(4046, 172, 214, 10, 2, '', 0),
(4047, 172, 215, 10, 2, '', 0),
(4048, 172, 216, 10, 2, '', 0),
(4049, 172, 217, 0, 2, 'f', 0),
(4050, 172, 218, 10, 2, '', 0),
(4051, 172, 219, 10, 2, '', 0),
(4052, 172, 220, 10, 2, '', 0),
(4053, 172, 221, 10, 2, '', 0),
(4054, 172, 222, 10, 2, '', 0),
(4055, 172, 223, 10, 2, '', 0),
(4056, 172, 224, 10, 2, '', 0),
(4057, 172, 225, 10, 2, '', 0),
(4058, 172, 226, 10, 2, '', 0),
(4059, 173, 199, 0.01, 2, '', 0),
(4060, 173, 200, 3, 2, '', 0),
(4061, 173, 201, 10, 2, '', 0),
(4062, 173, 202, 9, 2, '', 0),
(4063, 173, 203, 0.01, 2, '', 0),
(4064, 173, 204, 6, 2, '', 0),
(4065, 173, 659, 9, 2, '', 0),
(4066, 173, 205, 7, 2, '', 0),
(4067, 173, 206, 7, 2, '', 0),
(4068, 173, 207, 10, 2, '', 0),
(4069, 173, 208, 8, 2, '', 0),
(4070, 173, 209, 5, 2, '', 0),
(4071, 173, 210, 8, 2, '', 0),
(4072, 173, 211, 7, 2, '', 0),
(4073, 173, 212, 8, 2, '', 0),
(4074, 173, 213, 10, 2, '', 0),
(4075, 173, 214, 5, 2, '', 0),
(4076, 173, 215, 9, 2, '', 0),
(4077, 173, 216, 9, 2, '', 0),
(4078, 173, 217, 8, 2, '', 0),
(4079, 173, 218, 10, 2, '', 0),
(4080, 173, 219, 7, 2, '', 0),
(4081, 173, 220, 10, 2, '', 0),
(4082, 173, 221, 3, 2, '', 0),
(4083, 173, 222, 9, 2, '', 0),
(4084, 173, 223, 8, 2, '', 0),
(4085, 173, 224, 8, 2, '', 0),
(4086, 173, 225, 0.01, 2, '', 0),
(4087, 173, 226, 9.5, 2, '', 0),
(4088, 174, 199, 6.5, 2, '', 0),
(4089, 174, 200, 8.5, 2, '', 0),
(4090, 174, 201, 10, 2, '', 0),
(4091, 174, 202, 9, 2, '', 0),
(4092, 174, 203, 8, 2, '', 0),
(4093, 174, 204, 7, 2, '', 0),
(4094, 174, 659, 9, 2, '', 0),
(4095, 174, 205, 6.5, 2, 'r', 0),
(4096, 174, 206, 8.5, 2, '', 0),
(4097, 174, 207, 10, 2, '', 0),
(4098, 174, 208, 9.5, 2, '', 0),
(4099, 174, 209, 9, 2, '', 0),
(4100, 174, 210, 10, 2, 'r', 0),
(4101, 174, 211, 9.5, 2, '', 0),
(4102, 174, 212, 10, 2, '', 0),
(4103, 174, 213, 10, 2, '', 0),
(4104, 174, 214, 9.5, 2, '', 0),
(4105, 174, 215, 9, 2, '', 0),
(4106, 174, 216, 8.5, 2, '', 0),
(4107, 174, 217, 7, 2, '', 0),
(4108, 174, 218, 9.5, 2, '', 0),
(4109, 174, 219, 7, 2, '', 0),
(4110, 174, 220, 0, 2, 'f', 0),
(4111, 174, 221, 0.01, 2, '', 0),
(4112, 174, 222, 8, 2, '', 0),
(4113, 174, 223, 9, 2, '', 0),
(4114, 174, 224, 7.5, 2, 'r', 0),
(4115, 174, 225, 8.5, 2, '', 0),
(4116, 174, 226, 9.5, 2, '', 0),
(4117, 175, 199, 6.4, 2, '', 0),
(4118, 175, 200, 3.6, 2, '', 0),
(4119, 175, 201, 10, 2, '', 0),
(4120, 175, 202, 9.2, 2, '', 0),
(4121, 175, 203, 5.8, 2, '', 0),
(4122, 175, 204, 4.4, 2, '', 0),
(4123, 175, 659, 7.6, 2, '', 0),
(4124, 175, 205, 4.8, 2, '', 0),
(4125, 175, 206, 6, 2, '', 0),
(4126, 175, 207, 10, 2, '', 0),
(4127, 175, 208, 9.4, 2, '', 0),
(4128, 175, 209, 6.8, 2, '', 0),
(4129, 175, 210, 9, 2, '', 0),
(4130, 175, 211, 8.6, 2, '', 0),
(4131, 175, 212, 6.4, 2, '', 0),
(4132, 175, 213, 10, 2, '', 0),
(4133, 175, 214, 9.6, 2, '', 0),
(4134, 175, 215, 7.8, 2, '', 0),
(4135, 175, 216, 10, 2, '', 0),
(4136, 175, 217, 6.2, 2, '', 0),
(4137, 175, 218, 9.6, 2, '', 0),
(4138, 175, 219, 6.4, 2, '', 0),
(4139, 175, 220, 5.6, 2, '', 0),
(4140, 175, 221, 6, 2, '', 0),
(4141, 175, 222, 7.2, 2, '', 0),
(4142, 175, 223, 5.6, 2, '', 0),
(4143, 175, 224, 5.6, 2, '', 0),
(4144, 175, 225, 9.4, 2, '', 0),
(4145, 175, 226, 8.6, 2, '', 0),
(4146, 176, 199, 10, 2, '', 0),
(4147, 176, 200, 10, 2, '', 0),
(4148, 176, 201, 10, 2, '', 0),
(4149, 176, 202, 10, 2, '', 0),
(4150, 176, 203, 10, 2, '', 0),
(4151, 176, 204, 5, 2, '', 0),
(4152, 176, 659, 2, 2, '', 0),
(4153, 176, 205, 8, 2, '', 0),
(4154, 176, 206, 7, 2, 'r', 0),
(4155, 176, 207, 10, 2, '', 0),
(4156, 176, 208, 10, 2, '', 0),
(4157, 176, 209, 9, 2, '', 0),
(4158, 176, 210, 10, 2, '', 0),
(4159, 176, 211, 6, 2, '', 0),
(4160, 176, 212, 10, 2, '', 0),
(4161, 176, 213, 10, 2, '', 0),
(4162, 176, 214, 10, 2, '', 0),
(4163, 176, 215, 10, 2, '', 0),
(4164, 176, 216, 10, 2, '', 0),
(4165, 176, 217, 7, 2, '', 0),
(4166, 176, 218, 10, 2, '', 0),
(4167, 176, 219, 10, 2, '', 0),
(4168, 176, 220, 9, 2, '', 0),
(4169, 176, 221, 9, 2, '', 0),
(4170, 176, 222, 10, 2, '', 0),
(4171, 176, 223, 10, 2, '', 0),
(4172, 176, 224, 10, 2, '', 0),
(4173, 176, 225, 10, 2, '', 0),
(4174, 176, 226, 9, 2, '', 0),
(4175, 177, 199, 7, 2, '', 0),
(4176, 177, 200, 9, 2, '', 0),
(4177, 177, 201, 10, 2, '', 0),
(4178, 177, 202, 10, 2, '', 0),
(4179, 177, 203, 9.5, 2, '', 0),
(4180, 177, 204, 9, 2, '', 0),
(4181, 177, 659, 9.5, 2, '', 0),
(4182, 177, 205, 10, 2, '', 0),
(4183, 177, 206, 9.5, 2, '', 0),
(4184, 177, 207, 9.5, 2, '', 0),
(4185, 177, 208, 9, 2, '', 0),
(4186, 177, 209, 9.5, 2, '', 0),
(4187, 177, 210, 6, 2, '', 0),
(4188, 177, 211, 10, 2, '', 0),
(4189, 177, 212, 10, 2, '', 0),
(4190, 177, 213, 10, 2, '', 0),
(4191, 177, 214, 9, 2, '', 0),
(4192, 177, 215, 10, 2, '', 0),
(4193, 177, 216, 8, 2, '', 0),
(4194, 177, 217, 10, 2, '', 0),
(4195, 177, 218, 9, 2, '', 0),
(4196, 177, 219, 10, 2, '', 0),
(4197, 177, 220, 7, 2, '', 0),
(4198, 177, 221, 9.5, 2, '', 0),
(4199, 177, 222, 9, 2, '', 0),
(4200, 177, 223, 8, 2, '', 0),
(4201, 177, 224, 9, 2, '', 0),
(4202, 177, 225, 10, 2, '', 0),
(4203, 177, 226, 9.5, 2, '', 0),
(4204, 178, 199, 9, 2, '', 0),
(4205, 178, 200, 10, 2, '', 0),
(4206, 178, 201, 9.5, 2, '', 0),
(4207, 178, 202, 10, 2, '', 0),
(4208, 178, 203, 6.5, 2, '', 0),
(4209, 178, 204, 9.5, 2, '', 0),
(4210, 178, 659, 9.5, 2, '', 0),
(4211, 178, 205, 6, 2, '', 0),
(4212, 178, 206, 8, 2, '', 0),
(4213, 178, 207, 9.5, 2, '', 0),
(4214, 178, 208, 9.5, 2, '', 0),
(4215, 178, 209, 10, 2, '', 0),
(4216, 178, 210, 0.01, 2, 'sin libro', 0),
(4217, 178, 211, 9.5, 2, '', 0),
(4218, 178, 212, 10, 2, '', 0),
(4219, 178, 213, 8, 2, '', 0),
(4220, 178, 214, 9.5, 2, '', 0),
(4221, 178, 215, 9.5, 2, '', 0),
(4222, 178, 216, 4.5, 2, '', 0),
(4223, 178, 217, 10, 2, '', 0),
(4224, 178, 218, 9.5, 2, '', 0),
(4225, 178, 219, 10, 2, '', 0),
(4226, 178, 220, 0.01, 2, '', 0),
(4227, 178, 221, 0.01, 2, '', 0),
(4228, 178, 222, 10, 2, '', 0),
(4229, 178, 223, 7, 2, '', 0),
(4230, 178, 224, 10, 2, '', 0),
(4231, 178, 225, 5, 2, '', 0),
(4232, 178, 226, 10, 2, '', 0),
(4233, 179, 199, 10, 2, '', 0),
(4234, 179, 200, 0.01, 2, '', 0),
(4235, 179, 201, 3, 2, '', 0),
(4236, 179, 202, 0.01, 2, '', 0),
(4237, 179, 203, 9, 2, '', 0),
(4238, 179, 204, 0.01, 2, '', 0),
(4239, 179, 659, 7.5, 2, '', 0),
(4240, 179, 205, 0.01, 2, '', 0),
(4241, 179, 206, 9, 2, '', 0),
(4242, 179, 207, 10, 2, '', 0),
(4243, 179, 208, 10, 2, '', 0),
(4244, 179, 209, 3, 2, '', 0),
(4245, 179, 210, 7.5, 2, '', 0),
(4246, 179, 211, 7.5, 2, '', 0),
(4247, 179, 212, 10, 2, '', 0),
(4248, 179, 213, 10, 2, '', 0),
(4249, 179, 214, 3, 2, '', 0),
(4250, 179, 215, 0.01, 2, '', 0),
(4251, 179, 216, 9, 2, '', 0),
(4252, 179, 217, 10, 2, '', 0),
(4253, 179, 218, 10, 2, '', 0),
(4254, 179, 219, 3, 2, '', 0),
(4255, 179, 220, 7.5, 2, '', 0),
(4256, 179, 221, 10, 2, '', 0),
(4257, 179, 222, 9, 2, '', 0),
(4258, 179, 223, 7.5, 2, '', 0),
(4259, 179, 224, 10, 2, '', 0),
(4260, 179, 225, 10, 2, '', 0),
(4261, 179, 226, 10, 2, '', 0),
(4262, 180, 199, 10, 2, '', 0),
(4263, 180, 200, 10, 2, '', 0),
(4264, 180, 201, 10, 2, '', 0),
(4265, 180, 202, 10, 2, '', 0),
(4266, 180, 203, 10, 2, '', 0),
(4267, 180, 204, 10, 2, '', 0),
(4268, 180, 659, 6, 2, '', 0),
(4269, 180, 205, 10, 2, '', 0),
(4270, 180, 206, 8, 2, '', 0),
(4271, 180, 207, 10, 2, '', 0),
(4272, 180, 208, 10, 2, '', 0),
(4273, 180, 209, 6, 2, '', 0),
(4274, 180, 210, 10, 2, '', 0),
(4275, 180, 211, 10, 2, '', 0),
(4276, 180, 212, 10, 2, '', 0),
(4277, 180, 213, 10, 2, '', 0),
(4278, 180, 214, 10, 2, '', 0),
(4279, 180, 215, 10, 2, '', 0),
(4280, 180, 216, 10, 2, '', 0),
(4281, 180, 217, 6, 2, '', 0),
(4282, 180, 218, 0, 2, 'f', 0),
(4283, 180, 219, 10, 2, '', 0),
(4284, 180, 220, 6, 2, '', 0),
(4285, 180, 221, 8, 2, '', 0),
(4286, 180, 222, 0.01, 2, 'sin libro', 0),
(4287, 180, 223, 10, 2, '', 0),
(4288, 180, 224, 10, 2, '', 0),
(4289, 180, 225, 10, 2, '', 0),
(4290, 180, 226, 10, 2, '', 0),
(4291, 181, 199, 7.5, 2, '', 0),
(4292, 181, 200, 6.5, 2, '', 0),
(4293, 181, 201, 10, 2, '', 0),
(4294, 181, 202, 10, 2, '', 0),
(4295, 181, 203, 9, 2, '', 0),
(4296, 181, 204, 6.5, 2, '', 0),
(4297, 181, 659, 8.5, 2, '', 0),
(4298, 181, 205, 6, 2, '', 0),
(4299, 181, 206, 8, 2, '', 0),
(4300, 181, 207, 10, 2, '', 0),
(4301, 181, 208, 7.5, 2, '', 0),
(4302, 181, 209, 10, 2, '', 0),
(4303, 181, 210, 9.5, 2, '', 0),
(4304, 181, 211, 9.5, 2, '', 0),
(4305, 181, 212, 7.5, 2, '', 0),
(4306, 181, 213, 10, 2, '', 0),
(4307, 181, 214, 10, 2, '', 0),
(4308, 181, 215, 8, 2, '', 0),
(4309, 181, 216, 9.5, 2, '', 0),
(4310, 181, 217, 8, 2, '', 0),
(4311, 181, 218, 10, 2, '', 0),
(4312, 181, 219, 8, 2, '', 0),
(4313, 181, 220, 8, 2, '', 0),
(4314, 181, 221, 8, 2, '', 0),
(4315, 181, 222, 9, 2, '', 0),
(4316, 181, 223, 7.5, 2, '', 0),
(4317, 181, 224, 8.5, 2, '', 0),
(4318, 181, 225, 9, 2, '', 0),
(4319, 181, 226, 8, 2, '', 0),
(4320, 182, 199, 10, 2, '', 0),
(4321, 182, 200, 9.6, 2, '', 0),
(4322, 182, 201, 10, 2, '', 0),
(4323, 182, 202, 10, 2, '', 0),
(4324, 182, 203, 6, 2, '', 0),
(4325, 182, 204, 9.5, 2, '', 0),
(4326, 182, 659, 10, 2, '', 0),
(4327, 182, 205, 6, 2, '', 0),
(4328, 182, 206, 8, 2, '', 0),
(4329, 182, 207, 10, 2, '', 0),
(4330, 182, 208, 10, 2, '', 0),
(4331, 182, 209, 10, 2, '', 0),
(4332, 182, 210, 9, 2, '', 0),
(4333, 182, 211, 10, 2, '', 0),
(4334, 182, 212, 10, 2, '', 0),
(4335, 182, 213, 10, 2, '', 0),
(4336, 182, 214, 10, 2, '', 0),
(4337, 182, 215, 6, 2, '', 0),
(4338, 182, 216, 10, 2, '', 0),
(4339, 182, 217, 10, 2, '', 0),
(4340, 182, 218, 9, 2, '', 0),
(4341, 182, 219, 9.5, 2, '', 0),
(4342, 182, 220, 10, 2, '', 0),
(4343, 182, 221, 10, 2, '', 0),
(4344, 182, 222, 9, 2, '', 0),
(4345, 182, 223, 8, 2, '', 0),
(4346, 182, 224, 6.5, 2, '', 0),
(4347, 182, 225, 2, 2, '', 0),
(4348, 182, 226, 10, 2, '', 0),
(4349, 183, 199, 6, 2, '', 0),
(4350, 183, 200, 0.01, 2, '', 0),
(4351, 183, 201, 10, 2, '', 0),
(4352, 183, 202, 5, 2, '', 0),
(4353, 183, 203, 0.01, 2, '', 0),
(4354, 183, 204, 8, 2, '', 0),
(4355, 183, 659, 7, 2, 'r', 0),
(4356, 183, 205, 0.01, 2, '', 0),
(4357, 183, 206, 5, 2, '', 0),
(4358, 183, 207, 7, 2, '', 0),
(4359, 183, 208, 10, 2, '', 0),
(4360, 183, 209, 7, 2, '', 0),
(4361, 183, 210, 0.01, 2, '', 0),
(4362, 183, 211, 10, 2, '', 0),
(4363, 183, 212, 6, 2, '', 0),
(4364, 183, 213, 10, 2, '', 0),
(4365, 183, 214, 10, 2, '', 0),
(4366, 183, 215, 5, 2, '', 0),
(4367, 183, 216, 10, 2, '', 0),
(4368, 183, 217, 0.01, 2, '', 0),
(4369, 183, 218, 0.01, 2, '', 0),
(4370, 183, 219, 0.01, 2, '', 0),
(4371, 183, 220, 0.01, 2, '', 0),
(4372, 183, 221, 5, 2, '', 0),
(4373, 183, 222, 0.01, 2, '', 0),
(4374, 183, 223, 6, 2, '', 0),
(4375, 183, 224, 5, 2, '', 0),
(4376, 183, 225, 8, 2, '', 0),
(4377, 183, 226, 9, 2, '', 0),
(4378, 184, 199, 7.5, 2, '', 0),
(4379, 184, 200, 0.01, 2, '', 0),
(4380, 184, 201, 10, 2, '', 0),
(4381, 184, 202, 9.8, 2, '', 0),
(4382, 184, 203, 9, 2, '', 0),
(4383, 184, 204, 10, 2, '', 0),
(4384, 184, 659, 10, 2, '', 0),
(4385, 184, 205, 10, 2, '', 0),
(4386, 184, 206, 8, 2, '', 0),
(4387, 184, 207, 9.5, 2, '', 0),
(4388, 184, 208, 10, 2, '', 0),
(4389, 184, 209, 10, 2, '', 0),
(4390, 184, 210, 10, 2, '', 0),
(4391, 184, 211, 9.5, 2, '', 0),
(4392, 184, 212, 10, 2, '', 0),
(4393, 184, 213, 10, 2, '', 0),
(4394, 184, 214, 10, 2, '', 0),
(4395, 184, 215, 10, 2, '', 0),
(4396, 184, 216, 10, 2, '', 0),
(4397, 184, 217, 9, 2, '', 0),
(4398, 184, 218, 9.5, 2, '', 0),
(4399, 184, 219, 8, 2, '', 0),
(4400, 184, 220, 10, 2, '', 0),
(4401, 184, 221, 9.5, 2, '', 0),
(4402, 184, 222, 8, 2, 'r', 0),
(4403, 184, 223, 9.5, 2, '', 0),
(4404, 184, 224, 8, 2, '', 0),
(4405, 184, 225, 9.5, 2, '', 0),
(4406, 184, 226, 10, 2, '', 0),
(4407, 185, 199, 6, 2, '', 0),
(4408, 185, 200, 0, 2, 'f', 0),
(4409, 185, 201, 10, 2, '', 0),
(4410, 185, 202, 6, 2, '', 0),
(4411, 185, 203, 8.5, 2, '', 0),
(4412, 185, 204, 9.5, 2, '', 0),
(4413, 185, 659, 7, 2, '', 0),
(4414, 185, 205, 7, 2, '', 0),
(4415, 185, 206, 7, 2, '', 0),
(4416, 185, 207, 8, 2, '', 0),
(4417, 185, 208, 8, 2, '', 0),
(4418, 185, 209, 6.5, 2, '', 0),
(4419, 185, 210, 7, 2, '', 0),
(4420, 185, 211, 6, 2, '', 0),
(4421, 185, 212, 5, 2, '', 0),
(4422, 185, 213, 9.5, 2, '', 0),
(4423, 185, 214, 8, 2, '', 0),
(4424, 185, 215, 7, 2, '', 0),
(4425, 185, 216, 5, 2, '', 0),
(4426, 185, 217, 6.5, 2, '', 0),
(4427, 185, 218, 8.5, 2, '', 0),
(4428, 185, 219, 8, 2, '', 0),
(4429, 185, 220, 5.5, 2, '', 0),
(4430, 185, 221, 5.5, 2, '', 0),
(4431, 185, 222, 7, 2, '', 0),
(4432, 185, 223, 6.5, 2, '', 0),
(4433, 185, 224, 7, 2, '', 0),
(4434, 185, 225, 6, 2, '', 0),
(4435, 185, 226, 6.5, 2, '', 0),
(4436, 186, 199, 10, 2, '', 0),
(4437, 186, 200, 9, 2, '', 0),
(4438, 186, 201, 10, 2, '', 0),
(4439, 186, 202, 9, 2, '', 0),
(4440, 186, 203, 8, 2, '', 0),
(4441, 186, 204, 9, 2, '', 0),
(4442, 186, 659, 9.5, 2, '', 0),
(4443, 186, 205, 9, 2, '', 0),
(4444, 186, 206, 8, 2, '', 0),
(4445, 186, 207, 10, 2, '', 0),
(4446, 186, 208, 10, 2, '', 0),
(4447, 186, 209, 10, 2, '', 0),
(4448, 186, 210, 9.5, 2, '', 0),
(4449, 186, 211, 9.5, 2, '', 0),
(4450, 186, 212, 10, 2, '', 0),
(4451, 186, 213, 10, 2, '', 0),
(4452, 186, 214, 10, 2, '', 0),
(4453, 186, 215, 9, 2, '', 0),
(4454, 186, 216, 8, 2, '', 0),
(4455, 186, 217, 0, 2, 'f', 0),
(4456, 186, 218, 10, 2, '', 0),
(4457, 186, 219, 10, 2, '', 0),
(4458, 186, 220, 9.5, 2, '', 0),
(4459, 186, 221, 0, 2, 'f', 0),
(4460, 186, 222, 8, 2, '', 0),
(4461, 186, 223, 9.5, 2, '', 0),
(4462, 186, 224, 10, 2, '', 0),
(4463, 186, 225, 10, 2, '', 0),
(4464, 186, 226, 10, 2, '', 0),
(4465, 187, 199, 5, 2, '', 0),
(4466, 187, 200, 6, 2, '', 0),
(4467, 187, 201, 10, 2, '', 0),
(4468, 187, 202, 10, 2, '', 0),
(4469, 187, 203, 8, 2, '', 0),
(4470, 187, 204, 5, 2, '', 0),
(4471, 187, 659, 8, 2, '', 0),
(4472, 187, 205, 6, 2, '', 0),
(4473, 187, 206, 7, 2, '', 0),
(4474, 187, 207, 8, 2, '', 0),
(4475, 187, 208, 8.5, 2, '', 0),
(4476, 187, 209, 8.5, 2, '', 0),
(4477, 187, 210, 4, 2, '', 0),
(4478, 187, 211, 8, 2, '', 0),
(4479, 187, 212, 6, 2, '', 0),
(4480, 187, 213, 9, 2, '', 0),
(4481, 187, 214, 9.5, 2, '', 0),
(4482, 187, 215, 9, 2, '', 0),
(4483, 187, 216, 9, 2, '', 0),
(4484, 187, 217, 7, 2, '', 0),
(4485, 187, 218, 8, 2, '', 0),
(4486, 187, 219, 8.5, 2, '', 0),
(4487, 187, 220, 4.5, 2, '', 0),
(4488, 187, 221, 8, 2, '', 0),
(4489, 187, 222, 8, 2, '', 0),
(4490, 187, 223, 7.5, 2, '', 0),
(4491, 187, 224, 7, 2, '', 0),
(4492, 187, 225, 7, 2, '', 0),
(4493, 187, 226, 9, 2, '', 0),
(4494, 188, 199, 4, 2, '', 0),
(4495, 188, 200, 1.5, 2, '', 0),
(4496, 188, 201, 10, 2, '', 0),
(4497, 188, 202, 9, 2, '', 0),
(4498, 188, 203, 3, 2, '', 0),
(4499, 188, 204, 2, 2, '', 0),
(4500, 188, 659, 8.5, 2, '', 0),
(4501, 188, 205, 1.5, 2, '', 0),
(4502, 188, 206, 5.5, 2, '', 0),
(4503, 188, 207, 9, 2, '', 0),
(4504, 188, 208, 8.5, 2, '', 0),
(4505, 188, 209, 8.5, 2, '', 0),
(4506, 188, 210, 2, 2, '', 0),
(4507, 188, 211, 7, 2, '', 0),
(4508, 188, 212, 4, 2, '', 0),
(4509, 188, 213, 9.5, 2, '', 0),
(4510, 188, 214, 9.5, 2, '', 0),
(4511, 188, 215, 9, 2, '', 0),
(4512, 188, 216, 8.5, 2, '', 0),
(4513, 188, 217, 4, 2, '', 0),
(4514, 188, 218, 7, 2, '', 0),
(4515, 188, 219, 6, 2, '', 0),
(4516, 188, 220, 1.5, 2, '', 0),
(4517, 188, 221, 3, 2, '', 0),
(4518, 188, 222, 3, 2, '', 0),
(4519, 188, 223, 6, 2, '', 0),
(4520, 188, 224, 3, 2, '', 0),
(4521, 188, 225, 4, 2, '', 0),
(4522, 188, 226, 6.5, 2, '', 0),
(4523, 189, 245, 4.5, 2, '', 0),
(4524, 189, 246, 9, 2, '', 0),
(4525, 189, 247, 0, 2, '', 0),
(4526, 189, 248, 5, 2, '', 0),
(4527, 189, 249, 8, 2, '', 0),
(4528, 189, 250, 9, 2, '', 0),
(4529, 189, 251, 5.5, 2, '', 0),
(4530, 189, 252, 6, 2, '', 0),
(4531, 189, 253, 7, 2, '', 0),
(4532, 189, 254, 9.6, 2, '', 0),
(4533, 189, 255, 8, 2, '', 0),
(4534, 189, 256, 6, 2, '', 0),
(4535, 189, 257, 7.5, 2, '', 0),
(4536, 189, 258, 9, 2, '', 0),
(4537, 189, 259, 0.01, 2, '', 0),
(4538, 189, 260, 0.01, 2, '', 0),
(4539, 189, 261, 0.01, 2, '', 0),
(4540, 189, 262, 0.01, 2, '', 0),
(4541, 190, 245, 8, 2, '', 0),
(4542, 190, 246, 2, 2, '', 0),
(4543, 190, 247, 0, 2, '', 0),
(4544, 190, 248, 9.5, 2, '', 0),
(4545, 190, 249, 7.5, 2, '', 0),
(4546, 190, 250, 9, 2, '', 0),
(4547, 190, 251, 7.5, 2, '', 0),
(4548, 190, 252, 8, 2, '', 0),
(4549, 190, 253, 9.5, 2, '', 0),
(4550, 190, 254, 8, 2, '', 0),
(4551, 190, 255, 8, 2, '', 0),
(4552, 190, 256, 9.5, 2, '', 0),
(4553, 190, 257, 7.5, 2, '', 0),
(4554, 190, 258, 9.5, 2, '', 0),
(4555, 190, 259, 8, 2, '', 0),
(4556, 190, 260, 7, 2, 'r', 0),
(4557, 190, 261, 10, 2, '', 0),
(4558, 190, 262, 3, 2, '', 0),
(4559, 191, 245, 10, 2, '', 0),
(4560, 191, 246, 10, 2, '', 0),
(4561, 191, 247, 0, 2, '', 0),
(4562, 191, 248, 10, 2, '', 0),
(4563, 191, 249, 10, 2, '', 0),
(4564, 191, 250, 10, 2, '', 0),
(4565, 191, 251, 10, 2, '', 0),
(4566, 191, 252, 9, 2, '', 0),
(4567, 191, 253, 10, 2, '', 0),
(4568, 191, 254, 10, 2, '', 0),
(4569, 191, 255, 10, 2, '', 0),
(4570, 191, 256, 7, 2, '', 0),
(4571, 191, 257, 0.01, 2, '', 0),
(4572, 191, 258, 10, 2, '', 0),
(4573, 191, 259, 0.01, 2, '', 0),
(4574, 191, 260, 10, 2, '', 0),
(4575, 191, 261, 0.01, 2, '', 0),
(4576, 191, 262, 10, 2, '', 0),
(4577, 192, 245, 8, 2, 'r', 0),
(4578, 192, 246, 10, 2, '', 0),
(4579, 192, 247, 0, 2, '', 0),
(4580, 192, 248, 8, 2, '', 0),
(4581, 192, 249, 0.01, 2, '', 0),
(4582, 192, 250, 8, 2, '', 0),
(4583, 192, 251, 7, 2, '', 0),
(4584, 192, 252, 7, 2, '', 0),
(4585, 192, 253, 0.01, 2, '', 0),
(4586, 192, 254, 10, 2, '', 0),
(4587, 192, 255, 0.01, 2, '', 0),
(4588, 192, 256, 0.01, 2, '', 0),
(4589, 192, 257, 4, 2, '', 0),
(4590, 192, 258, 10, 2, '', 0),
(4591, 192, 259, 8.5, 2, '', 0),
(4592, 192, 260, 8, 2, 'r', 0),
(4593, 192, 261, 0.01, 2, '', 0),
(4594, 192, 262, 8, 2, 'r', 0),
(4595, 193, 245, 9.5, 2, '', 0),
(4596, 193, 246, 9, 2, '', 0),
(4597, 193, 247, 0, 2, '', 0),
(4598, 193, 248, 8.5, 2, '', 0),
(4599, 193, 249, 8.5, 2, '', 0),
(4600, 193, 250, 9, 2, '', 0),
(4601, 193, 251, 8.5, 2, '', 0),
(4602, 193, 252, 9, 2, '', 0),
(4603, 193, 253, 10, 2, '', 0),
(4604, 193, 254, 10, 2, '', 0),
(4605, 193, 255, 8, 2, '', 0),
(4606, 193, 256, 7.5, 2, '', 0),
(4607, 193, 257, 8, 2, '', 0),
(4608, 193, 258, 9.5, 2, '', 0),
(4609, 193, 259, 8.5, 2, '', 0),
(4610, 193, 260, 8.5, 2, '', 0),
(4611, 193, 261, 8.5, 2, '', 0),
(4612, 193, 262, 8, 2, '', 0),
(4613, 194, 245, 9.8, 2, '', 0),
(4614, 194, 246, 10, 2, '', 0),
(4615, 194, 247, 0, 2, '', 0),
(4616, 194, 248, 7, 2, '', 0),
(4617, 194, 249, 7, 2, '', 0),
(4618, 194, 250, 9, 2, '', 0),
(4619, 194, 251, 7, 2, '', 0),
(4620, 194, 252, 8, 2, '', 0),
(4621, 194, 253, 9.5, 2, '', 0),
(4622, 194, 254, 9.5, 2, '', 0),
(4623, 194, 255, 8, 2, '', 0),
(4624, 194, 256, 10, 2, '', 0),
(4625, 194, 257, 8.5, 2, '', 0),
(4626, 194, 258, 9.5, 2, '', 0),
(4627, 194, 259, 9.5, 2, '', 0),
(4628, 194, 260, 7, 2, '', 0),
(4629, 194, 261, 7, 2, '', 0),
(4630, 194, 262, 9.5, 2, '', 0),
(4631, 195, 245, 7, 2, '', 0),
(4632, 195, 246, 10, 2, '', 0),
(4633, 195, 247, 0, 2, '', 0),
(4634, 195, 248, 0.01, 2, '', 0),
(4635, 195, 249, 3, 2, '', 0),
(4636, 195, 250, 8, 2, '', 0),
(4637, 195, 251, 0.01, 2, '', 0),
(4638, 195, 252, 5.5, 2, '', 0),
(4639, 195, 253, 9, 2, '', 0),
(4640, 195, 254, 10, 2, '', 0),
(4641, 195, 255, 9, 2, '', 0),
(4642, 195, 256, 10, 2, '', 0),
(4643, 195, 257, 8, 2, '', 0),
(4644, 195, 258, 10, 2, '', 0),
(4645, 195, 259, 9.5, 2, '', 0),
(4646, 195, 260, 10, 2, '', 0),
(4647, 195, 261, 2, 2, '', 0),
(4648, 195, 262, 10, 2, '', 0),
(4649, 196, 245, 6.5, 2, '', 0),
(4650, 196, 246, 10, 2, '', 0),
(4651, 196, 247, 0, 2, '', 0),
(4652, 196, 248, 7.5, 2, '', 0),
(4653, 196, 249, 7.5, 2, '', 0),
(4654, 196, 250, 10, 2, '', 0),
(4655, 196, 251, 9.5, 2, '', 0),
(4656, 196, 252, 9.5, 2, '', 0),
(4657, 196, 253, 9.5, 2, '', 0),
(4658, 196, 254, 10, 2, '', 0),
(4659, 196, 255, 8, 2, 'r', 0),
(4660, 196, 256, 10, 2, '', 0),
(4661, 196, 257, 0.01, 2, '', 0),
(4662, 196, 258, 9, 2, '', 0),
(4663, 196, 259, 7, 2, '', 0),
(4664, 196, 260, 9, 2, '', 0),
(4665, 196, 261, 9.5, 2, '', 0),
(4666, 196, 262, 10, 2, '', 0),
(4667, 197, 245, 9.5, 2, '', 0),
(4668, 197, 246, 9, 2, '', 0),
(4669, 197, 247, 0, 2, '', 0),
(4670, 197, 248, 0.01, 2, '', 0),
(4671, 197, 249, 0.01, 2, '', 0),
(4672, 197, 250, 10, 2, '', 0),
(4673, 197, 251, 9, 2, '', 0),
(4674, 197, 252, 10, 2, '', 0),
(4675, 197, 253, 10, 2, '', 0),
(4676, 197, 254, 7, 2, '', 0),
(4677, 197, 255, 0.01, 2, '', 0),
(4678, 197, 256, 0.01, 2, '', 0),
(4679, 197, 257, 10, 2, '', 0),
(4680, 197, 258, 10, 2, '', 0),
(4681, 197, 259, 0.01, 2, '', 0),
(4682, 197, 260, 10, 2, '', 0),
(4683, 197, 261, 0.01, 2, '', 0),
(4684, 197, 262, 0.01, 2, '', 0),
(4685, 198, 245, 9.5, 2, '', 0),
(4686, 198, 246, 7, 2, '', 0),
(4687, 198, 247, 0, 2, '', 0),
(4688, 198, 248, 0.01, 2, '', 0),
(4689, 198, 249, 0.01, 2, '', 0),
(4690, 198, 250, 10, 2, '', 0),
(4691, 198, 251, 7, 2, '', 0),
(4692, 198, 252, 10, 2, '', 0),
(4693, 198, 253, 10, 2, '', 0),
(4694, 198, 254, 7, 2, '', 0),
(4695, 198, 255, 0.01, 2, '', 0),
(4696, 198, 256, 0.01, 2, '', 0),
(4697, 198, 257, 10, 2, '', 0),
(4698, 198, 258, 10, 2, '', 0),
(4699, 198, 259, 10, 2, '', 0),
(4700, 198, 260, 10, 2, '', 0),
(4701, 198, 261, 0.01, 2, '', 0),
(4702, 198, 262, 8, 2, '', 0),
(4703, 199, 245, 10, 2, '', 0),
(4704, 199, 246, 10, 2, '', 0),
(4705, 199, 247, 0, 2, '', 0),
(4706, 199, 248, 10, 2, '', 0),
(4707, 199, 249, 8, 2, '', 0),
(4708, 199, 250, 10, 2, '', 0),
(4709, 199, 251, 6, 2, '', 0),
(4710, 199, 252, 10, 2, '', 0),
(4711, 199, 253, 10, 2, '', 0),
(4712, 199, 254, 10, 2, '', 0),
(4713, 199, 255, 8, 2, '', 0),
(4714, 199, 256, 10, 2, '', 0),
(4715, 199, 257, 10, 2, '', 0),
(4716, 199, 258, 10, 2, '', 0),
(4717, 199, 259, 10, 2, '', 0),
(4718, 199, 260, 10, 2, '', 0),
(4719, 199, 261, 10, 2, '', 0),
(4720, 199, 262, 10, 2, '', 0),
(4721, 200, 245, 10, 2, '', 0),
(4722, 200, 246, 10, 2, '', 0),
(4723, 200, 247, 0, 2, '', 0),
(4724, 200, 248, 10, 2, '', 0),
(4725, 200, 249, 9, 2, '', 0),
(4726, 200, 250, 10, 2, '', 0),
(4727, 200, 251, 9, 2, '', 0),
(4728, 200, 252, 10, 2, '', 0),
(4729, 200, 253, 10, 2, '', 0),
(4730, 200, 254, 9, 2, '', 0),
(4731, 200, 255, 6, 2, '', 0),
(4732, 200, 256, 9.8, 2, '', 0),
(4733, 200, 257, 9, 2, '', 0),
(4734, 200, 258, 10, 2, '', 0),
(4735, 200, 259, 9, 2, '', 0),
(4736, 200, 260, 4, 2, '', 0),
(4737, 200, 261, 9.8, 2, '', 0),
(4738, 200, 262, 8.8, 2, '', 0),
(4739, 201, 245, 8.5, 2, '', 0),
(4740, 201, 246, 7.5, 2, '', 0),
(4741, 201, 247, 0, 2, '', 0),
(4742, 201, 248, 8, 2, '', 0),
(4743, 201, 249, 8, 2, '', 0),
(4744, 201, 250, 9, 2, '', 0),
(4745, 201, 251, 8, 2, '', 0),
(4746, 201, 252, 8, 2, '', 0),
(4747, 201, 253, 8, 2, '', 0),
(4748, 201, 254, 8, 2, '', 0),
(4749, 201, 255, 8, 2, '', 0),
(4750, 201, 256, 8, 2, '', 0),
(4751, 201, 257, 8.5, 2, '', 0),
(4752, 201, 258, 7, 2, '', 0),
(4753, 201, 259, 8, 2, '', 0),
(4754, 201, 260, 9, 2, '', 0),
(4755, 201, 261, 0, 2, 'f', 0),
(4756, 201, 262, 8, 2, '', 0),
(4757, 202, 245, 10, 2, '', 0),
(4758, 202, 246, 9, 2, '', 0),
(4759, 202, 247, 0, 2, '', 0),
(4760, 202, 248, 9.5, 2, '', 0),
(4761, 202, 249, 7.5, 2, '', 0),
(4762, 202, 250, 10, 2, '', 0),
(4763, 202, 251, 10, 2, '', 0),
(4764, 202, 252, 9.5, 2, '', 0),
(4765, 202, 253, 10, 2, '', 0),
(4766, 202, 254, 9, 2, '', 0),
(4767, 202, 255, 10, 2, '', 0),
(4768, 202, 256, 9, 2, '', 0),
(4769, 202, 257, 9.5, 2, '', 0),
(4770, 202, 258, 10, 2, '', 0),
(4771, 202, 259, 10, 2, '', 0),
(4772, 202, 260, 0.01, 2, '', 0),
(4773, 202, 261, 10, 2, '', 0),
(4774, 202, 262, 5, 2, '', 0),
(4775, 203, 245, 6, 2, '', 0),
(4776, 203, 246, 10, 2, '', 0),
(4777, 203, 247, 0, 2, '', 0),
(4778, 203, 248, 6, 2, '', 0),
(4779, 203, 249, 6, 2, '', 0),
(4780, 203, 250, 4, 2, '', 0),
(4781, 203, 251, 10, 2, '', 0),
(4782, 203, 252, 4, 2, '', 0),
(4783, 203, 253, 6, 2, '', 0),
(4784, 203, 254, 8, 2, '', 0),
(4785, 203, 255, 3, 2, '', 0),
(4786, 203, 256, 6, 2, '', 0),
(4787, 203, 257, 8, 2, '', 0),
(4788, 203, 258, 4, 2, '', 0),
(4789, 203, 259, 4, 2, '', 0),
(4790, 203, 260, 6, 2, '', 0),
(4791, 203, 261, 10, 2, '', 0),
(4792, 203, 262, 10, 2, '', 0),
(4793, 204, 245, 9, 2, '', 0),
(4794, 204, 246, 10, 2, '', 0),
(4795, 204, 247, 0, 2, '', 0),
(4796, 204, 248, 10, 2, '', 0),
(4797, 204, 249, 9, 2, '', 0),
(4798, 204, 250, 5, 2, '', 0),
(4799, 204, 251, 9, 2, '', 0),
(4800, 204, 252, 9, 2, '', 0),
(4801, 204, 253, 9, 2, '', 0),
(4802, 204, 254, 10, 2, '', 0),
(4803, 204, 255, 10, 2, '', 0),
(4804, 204, 256, 9, 2, '', 0),
(4805, 204, 257, 10, 2, '', 0),
(4806, 204, 258, 5, 2, '', 0),
(4807, 204, 259, 9, 2, '', 0),
(4808, 204, 260, 9, 2, '', 0),
(4809, 204, 261, 5, 2, '', 0),
(4810, 204, 262, 5, 2, '', 0),
(4811, 205, 245, 0.01, 2, '', 0),
(4812, 205, 246, 8, 2, '', 0),
(4813, 205, 247, 0, 2, '', 0),
(4814, 205, 248, 9, 2, '', 0),
(4815, 205, 249, 1, 2, '', 0),
(4816, 205, 250, 10, 2, '', 0),
(4817, 205, 251, 7, 2, '', 0),
(4818, 205, 252, 9, 2, '', 0),
(4819, 205, 253, 9, 2, '', 0),
(4820, 205, 254, 8, 2, 'r', 0),
(4821, 205, 255, 7, 2, '', 0),
(4822, 205, 256, 9, 2, '', 0),
(4823, 205, 257, 3, 2, '', 0),
(4824, 205, 258, 10, 2, '', 0),
(4825, 205, 259, 8, 2, '', 0),
(4826, 205, 260, 0.01, 2, '', 0),
(4827, 205, 261, 8, 2, '', 0),
(4828, 205, 262, 3, 2, '', 0),
(4829, 206, 245, 7.75, 2, '', 0),
(4830, 206, 246, 7.25, 2, '', 0),
(4831, 206, 247, 0, 2, '', 0),
(4832, 206, 248, 7, 2, '', 0),
(4833, 206, 249, 4.5, 2, '', 0),
(4834, 206, 250, 9, 2, '', 0),
(4835, 206, 251, 5.75, 2, '', 0),
(4836, 206, 252, 6, 2, '', 0),
(4837, 206, 253, 8.5, 2, '', 0),
(4838, 206, 254, 5.25, 2, '', 0),
(4839, 206, 255, 5.75, 2, '', 0),
(4840, 206, 256, 8.25, 2, '', 0),
(4841, 206, 257, 5.5, 2, '', 0),
(4842, 206, 258, 7, 2, '', 0),
(4843, 206, 259, 7.5, 2, '', 0),
(4844, 206, 260, 4.5, 2, '', 0),
(4845, 206, 261, 9.5, 2, '', 0),
(4846, 206, 262, 6.75, 2, '', 0),
(4847, 207, 245, 6.3, 2, '', 0),
(4848, 207, 246, 6.5, 2, '', 0),
(4849, 207, 247, 0, 2, '', 0),
(4850, 207, 248, 6, 2, '', 0),
(4851, 207, 249, 4.4, 2, '', 0),
(4852, 207, 250, 7.2, 2, '', 0),
(4853, 207, 251, 3.4, 2, '', 0),
(4854, 207, 252, 8, 2, '', 0),
(4855, 207, 253, 7.2, 2, '', 0),
(4856, 207, 254, 7, 2, '', 0),
(4857, 207, 255, 3.6, 2, '', 0),
(4858, 207, 256, 7.2, 2, '', 0),
(4859, 207, 257, 6.6, 2, '', 0),
(4860, 207, 258, 8.6, 2, '', 0),
(4861, 207, 259, 4.2, 2, '', 0),
(4862, 207, 260, 2.7, 2, '', 0),
(4863, 207, 261, 6.5, 2, '', 0),
(4864, 207, 262, 4, 2, '', 0),
(4901, 210, 148, 10, 2, '', 0),
(4902, 210, 149, 9, 2, '', 0),
(4903, 210, 150, 10, 2, '', 0),
(4904, 210, 151, 10, 2, '', 0),
(4905, 210, 152, 9, 2, '', 0),
(4906, 210, 153, 10, 2, '', 0),
(4907, 210, 154, 7, 2, '', 0),
(4908, 210, 155, 8, 2, '', 0),
(4909, 210, 156, 9, 2, '', 0),
(4910, 210, 157, 7, 2, '', 0),
(4911, 210, 158, 10, 2, '', 0),
(4912, 210, 159, 10, 2, '', 0),
(4913, 210, 160, 9, 2, '', 0),
(4914, 210, 161, 10, 2, '', 0),
(4915, 210, 162, 10, 2, '', 0),
(4916, 210, 163, 0, 2, '', 0),
(4917, 210, 164, 0, 2, '', 0),
(4918, 210, 165, 10, 2, '', 0),
(4919, 210, 166, 7, 2, '', 0),
(4920, 210, 167, 7, 2, '', 0),
(4921, 210, 168, 10, 2, '', 0),
(4922, 210, 169, 10, 2, '', 0),
(4923, 211, 170, 10, 2, '', 0),
(4924, 211, 171, 9, 2, '', 0),
(4925, 211, 172, 9, 2, '', 0),
(4926, 211, 173, 0.01, 2, '', 0),
(4927, 211, 174, 8, 2, '', 0),
(4928, 211, 175, 10, 2, '', 0),
(4929, 211, 176, 10, 2, '', 0),
(4930, 211, 177, 10, 2, '', 0),
(4931, 211, 178, 10, 2, '', 0),
(4932, 211, 179, 8, 2, '', 0),
(4933, 211, 181, 10, 2, '', 0),
(4934, 211, 182, 10, 2, '', 0),
(4935, 211, 183, 10, 2, '', 0),
(4936, 211, 184, 9, 2, '', 0),
(4937, 211, 185, 9, 2, '', 0),
(4938, 211, 186, 8, 2, '', 0),
(4939, 211, 187, 0.01, 2, '', 0),
(4940, 211, 188, 10, 2, '', 0),
(4941, 211, 189, 10, 2, '', 0),
(4942, 211, 190, 10, 2, '', 0),
(4943, 211, 191, 10, 2, '', 0),
(4944, 211, 192, 9, 2, '', 0),
(4945, 211, 193, 10, 2, '', 0),
(4946, 211, 194, 0.01, 2, '', 0),
(4947, 211, 195, 10, 2, '', 0),
(4948, 211, 196, 10, 2, '', 0),
(4949, 211, 197, 10, 2, '', 0),
(4950, 211, 198, 10, 2, '', 0),
(4951, 212, 199, 10, 2, '', 0),
(4952, 212, 200, 9, 2, '', 0),
(4953, 212, 201, 9, 2, '', 0),
(4954, 212, 202, 10, 2, '', 0),
(4955, 212, 203, 9, 2, '', 0),
(4956, 212, 204, 9, 2, '', 0),
(4957, 212, 659, 9, 2, '', 0),
(4958, 212, 205, 9, 2, '', 0),
(4959, 212, 206, 10, 2, '', 0),
(4960, 212, 207, 10, 2, '', 0),
(4961, 212, 208, 9, 2, '', 0),
(4962, 212, 209, 8, 2, '', 0),
(4963, 212, 210, 10, 2, '', 0),
(4964, 212, 211, 10, 2, '', 0),
(4965, 212, 212, 10, 2, '', 0),
(4966, 212, 213, 10, 2, '', 0),
(4967, 212, 214, 10, 2, '', 0),
(4968, 212, 215, 10, 2, '', 0),
(4969, 212, 216, 10, 2, '', 0),
(4970, 212, 217, 10, 2, '', 0),
(4971, 212, 218, 10, 2, '', 0),
(4972, 212, 219, 9, 2, '', 0),
(4973, 212, 220, 9, 2, '', 0),
(4974, 212, 221, 10, 2, '', 0),
(4975, 212, 222, 10, 2, '', 0),
(4976, 212, 223, 0.01, 2, '', 0),
(4977, 212, 224, 10, 2, '', 0),
(4978, 212, 225, 10, 2, '', 0),
(4979, 212, 226, 10, 2, '', 0),
(4980, 213, 636, 8, 2, '', 0),
(4981, 213, 637, 8, 2, '', 0),
(4982, 213, 638, 0, 2, '', 0),
(4983, 213, 639, 9, 2, '', 0),
(4984, 213, 640, 10, 2, '', 0),
(4985, 213, 641, 7.5, 2, '', 0),
(4986, 213, 642, 0, 2, '', 0),
(4987, 213, 643, 9, 2, '', 0),
(4988, 213, 644, 7.5, 2, '', 0),
(4989, 213, 645, 9, 2, '', 0),
(4990, 213, 646, 9, 2, '', 0),
(4991, 213, 647, 7.5, 2, '', 0),
(4992, 213, 648, 10, 2, '', 0),
(4993, 213, 649, 9, 2, '', 0),
(4994, 213, 650, 7.5, 2, '', 0),
(4995, 213, 651, 8, 2, '', 0),
(4996, 213, 652, 8, 2, '', 0),
(4997, 213, 653, 9, 2, '', 0),
(4998, 214, 479, 7, 2, '', 0),
(4999, 214, 480, 10, 2, '', 0),
(5000, 214, 481, 8, 2, '', 0),
(5001, 214, 482, 9.5, 2, '', 0),
(5002, 214, 483, 7, 2, '', 0),
(5003, 214, 484, 10, 2, '', 0),
(5004, 214, 485, 8, 2, '', 0),
(5005, 214, 486, 9, 2, '', 0),
(5006, 214, 487, 8, 2, '', 0),
(5007, 214, 488, 7, 2, '', 0),
(5008, 214, 489, 10, 2, '', 0),
(5009, 214, 490, 0, 2, '', 0),
(5010, 214, 491, 9, 2, '', 0),
(5011, 214, 492, 9, 2, '', 0),
(5012, 214, 493, 9, 2, '', 0),
(5013, 214, 494, 10, 2, '', 0),
(5014, 214, 495, 7, 2, '', 0),
(5015, 214, 496, 7, 2, '', 0),
(5016, 214, 497, 9, 2, '', 0),
(5017, 214, 498, 9.5, 2, '', 0),
(5018, 214, 499, 7, 2, '', 0),
(5019, 214, 500, 7, 2, '', 0),
(5020, 214, 501, 10, 2, '', 0),
(5021, 214, 502, 0, 2, '', 1),
(5022, 214, 503, 7, 2, '', 0),
(5023, 215, 245, 7.5, 2, '', 0),
(5024, 215, 246, 6.5, 2, '', 0),
(5025, 215, 247, 0, 2, '', 0),
(5026, 215, 248, 6.5, 2, '', 0),
(5027, 215, 249, 6, 2, '', 0),
(5028, 215, 250, 8, 2, '', 0),
(5029, 215, 251, 5, 2, '', 0),
(5030, 215, 252, 10, 2, '', 0),
(5031, 215, 253, 9.5, 2, '', 0),
(5032, 215, 254, 7.5, 2, '', 0),
(5033, 215, 255, 5.5, 2, '', 0),
(5034, 215, 256, 8, 2, '', 0),
(5035, 215, 257, 6, 2, '', 0),
(5036, 215, 258, 7, 2, '', 0),
(5037, 215, 259, 3, 2, '', 0),
(5038, 215, 260, 5, 2, '', 0),
(5039, 215, 261, 7.5, 2, '', 0),
(5040, 215, 262, 9, 2, '', 0);

-- --------------------------------------------------------

--
-- Estructura de tabla para la tabla `calificaciones_estados`
--

DROP TABLE IF EXISTS `calificaciones_estados`;
CREATE TABLE IF NOT EXISTS `calificaciones_estados` (
  `id_calificaciones_estado` int(11) NOT NULL AUTO_INCREMENT,
  `letra_calificaciones_estado` varchar(1) COLLATE latin1_spanish_ci NOT NULL,
  `detalle_calificaciones_estado` varchar(150) COLLATE latin1_spanish_ci NOT NULL,
  `estado_calificaciones_estado` int(11) NOT NULL DEFAULT '1',
  PRIMARY KEY (`id_calificaciones_estado`)
) ENGINE=InnoDB  DEFAULT CHARSET=latin1 COLLATE=latin1_spanish_ci AUTO_INCREMENT=7 ;

--
-- Volcado de datos para la tabla `calificaciones_estados`
--

INSERT INTO `calificaciones_estados` (`id_calificaciones_estado`, `letra_calificaciones_estado`, `detalle_calificaciones_estado`, `estado_calificaciones_estado`) VALUES
(1, 'F', 'Faltó', 1),
(2, 'R', 'Refuerzo', 1),
(3, 'A', 'Atrasado', 1),
(4, 'P', 'Pendiente', 1),
(5, 'M', 'Mejora', 1),
(6, 'H', 'Hacer de nuevo', 1);

-- --------------------------------------------------------

--
-- Estructura de tabla para la tabla `calificaciones_info`
--

DROP TABLE IF EXISTS `calificaciones_info`;
CREATE TABLE IF NOT EXISTS `calificaciones_info` (
  `id_calificacion_info` int(11) NOT NULL AUTO_INCREMENT,
  `registro_anual_id_registro_anual` int(11) NOT NULL,
  `aportes_id_aporte` int(11) NOT NULL,
  `malla_curricular_id_malla_curricular` int(11) NOT NULL,
  `fecha_calificacion_info` date NOT NULL,
  `detalle_calificacion_info` varchar(150) COLLATE latin1_spanish_ci NOT NULL,
  `usuarios_id_usuario` int(11) NOT NULL,
  PRIMARY KEY (`id_calificacion_info`)
) ENGINE=InnoDB  DEFAULT CHARSET=latin1 COLLATE=latin1_spanish_ci AUTO_INCREMENT=216 ;

--
-- Volcado de datos para la tabla `calificaciones_info`
--

INSERT INTO `calificaciones_info` (`id_calificacion_info`, `registro_anual_id_registro_anual`, `aportes_id_aporte`, `malla_curricular_id_malla_curricular`, `fecha_calificacion_info`, `detalle_calificacion_info`, `usuarios_id_usuario`) VALUES
(1, 3, 1, 6, '2012-10-25', 'additions p. 9', 2),
(2, 3, 2, 6, '2012-10-30', 'sequences p. 11', 2),
(3, 3, 11, 6, '2012-12-27', 'numbers 1-10 worksheet', 2),
(4, 3, 12, 6, '2012-12-27', 'sets 1-10', 2),
(5, 3, 18, 6, '2013-01-15', 'the captain says', 2),
(6, 3, 19, 6, '2013-01-15', 'realia sets', 2),
(7, 3, 21, 6, '2013-01-03', 'numbers quiz', 2),
(8, 3, 22, 6, '2013-01-08', 'numbers quiz', 2),
(9, 3, 24, 6, '2013-01-29', 'prueba', 2),
(10, 5, 1, 1, '2013-02-22', 'hobbies crossword', 2),
(11, 5, 2, 1, '2013-03-08', 'cloudy pictures', 2),
(12, 5, 11, 1, '2013-02-25', 'the weather', 2),
(13, 5, 12, 1, '2013-03-11', 'the sun', 2),
(14, 5, 13, 1, '2013-03-11', 'cloudy', 2),
(15, 5, 14, 1, '2013-03-11', 'p. 12', 2),
(16, 5, 15, 1, '2013-03-11', 'the weather drawing', 2),
(17, 5, 18, 1, '2013-03-04', 'sunny', 2),
(18, 5, 21, 1, '2013-03-21', 'the sun questions', 2),
(19, 5, 24, 1, '2013-03-26', 'prueba', 2),
(20, 5, 1, 14, '2013-02-21', 'vocaroo', 2),
(21, 5, 2, 14, '2013-02-21', 'p. 47', 2),
(23, 5, 4, 14, '2013-02-25', 'pb. p. 38', 2),
(24, 5, 5, 14, '2013-03-25', 'materials w-objects', 2),
(25, 5, 6, 14, '2013-02-25', 'crossword', 2),
(26, 5, 7, 14, '2013-02-27', 'sb. p. 49-51', 2),
(27, 5, 8, 14, '2013-02-26', 'mosaic', 2),
(28, 5, 9, 14, '2013-03-06', '5 sentences with adverbs', 2),
(29, 5, 11, 14, '2013-02-21', '26, 27 RG', 2),
(30, 5, 12, 14, '2013-02-28', 'p. 52', 2),
(31, 5, 13, 14, '2013-03-01', 'dictation', 2),
(32, 5, 14, 14, '2013-03-04', 'sentences with adverbs', 2),
(33, 5, 15, 14, '2013-03-11', 'vocabulary game', 2),
(34, 5, 16, 14, '2013-03-13', 'stative verbs workshee', 2),
(35, 5, 18, 14, '2013-03-22', 'sandwich art', 2),
(36, 5, 19, 14, '2013-02-27', 'speaking - writing - story', 2),
(37, 5, 20, 14, '2013-03-04', 'p. 52 act 2a, b', 2),
(38, 5, 21, 14, '2013-02-22', 'sandwich art exposition', 2),
(39, 5, 22, 14, '2013-03-08', 'reading aloud', 2),
(40, 5, 23, 14, '2013-03-25', 'spelling bee dictation', 2),
(41, 5, 24, 14, '2013-03-22', 'prueba', 2),
(42, 5, 1, 15, '2013-02-21', 'vocaroo', 2),
(43, 5, 2, 15, '2013-02-21', 'p. 47', 2),
(44, 5, 3, 15, '2013-02-22', 'materials with objects', 2),
(45, 5, 4, 15, '2013-03-26', 'sandwich art', 2),
(46, 5, 5, 15, '2013-02-27', 'p. 38 pb', 2),
(47, 5, 6, 15, '2013-02-28', 'mosaic', 2),
(48, 5, 7, 15, '2013-02-26', 'crossword', 2),
(49, 5, 8, 15, '2013-02-28', 'sentences about USA', 2),
(50, 5, 9, 15, '2013-03-06', '10 sentences with could and couldn''t', 2),
(51, 5, 11, 15, '2013-02-28', 'dictation - USA', 2),
(52, 5, 12, 15, '2013-03-01', 'p. 54', 2),
(53, 5, 13, 15, '2013-03-05', 'p. 55 and 3 sentences', 2),
(54, 5, 14, 15, '2013-03-12', 'vocabulary game', 2),
(55, 5, 15, 15, '2013-03-13', 'stative verbs worksheet', 2),
(56, 5, 18, 15, '2013-02-27', 'p. 57 act 2 a,b', 2),
(57, 5, 19, 15, '2013-03-04', 'speaking - writing story', 2),
(58, 5, 21, 15, '2013-03-07', 'reading aloud', 2),
(59, 5, 22, 15, '2013-03-25', 'spelling bee words dictation', 2),
(60, 5, 24, 15, '2013-03-26', 'prueba', 2),
(62, 5, 1, 5, '2013-03-04', 'hobbies crossword', 2),
(63, 5, 2, 5, '2013-03-06', 'cloudy pictures', 2),
(64, 5, 3, 5, '2013-03-25', 'cucas', 2),
(65, 5, 11, 5, '2013-02-25', 'the sun', 2),
(66, 5, 12, 5, '2013-03-04', 'cloudy', 2),
(68, 5, 2, 16, '2013-03-08', 'p. 18', 2),
(69, 5, 3, 16, '2013-03-11', 'p. 19', 2),
(70, 5, 11, 16, '2013-02-27', 'owing to - due to worksheet', 2),
(71, 5, 12, 16, '2013-03-04', 'p. 17 act 6', 2),
(72, 5, 13, 16, '2013-03-14', 'p. 75', 2),
(73, 5, 18, 16, '2013-03-07', 'vocabulary game', 2),
(74, 5, 21, 16, '2013-03-11', 'reading aloud', 2),
(75, 5, 22, 16, '2013-03-21', 'common errors worksheet 1', 2),
(77, 5, 1, 17, '2013-02-25', 'tryptich', 2),
(78, 5, 2, 17, '2013-03-05', '10 propositions', 2),
(79, 5, 3, 17, '2013-03-19', 'parts of the mosque', 2),
(80, 5, 11, 17, '2013-02-27', 'islam crossword', 2),
(81, 5, 12, 17, '2013-03-12', 'questions p. 146', 2),
(82, 5, 13, 17, '2013-03-20', 'questions about islam', 2),
(83, 5, 18, 17, '2013-03-18', 'poster about islam', 2),
(84, 5, 19, 17, '2013-03-21', 'ppt islam', 2),
(85, 5, 21, 17, '2013-02-26', 'calligraphy dictation', 2),
(86, 5, 22, 17, '2013-03-19', 'islam exposition', 2),
(87, 5, 24, 17, '2013-03-26', 'PRUEBA', 2),
(88, 5, 3, 14, '2013-03-25', 'sandwich art', 2),
(89, 5, 1, 16, '2013-02-28', 'p. 9\r\n', 2),
(90, 5, 14, 16, '2013-03-25', 'examples for adjectives', 2),
(91, 6, 11, 1, '2013-04-01', 'phonics p. 4,5 unit 3', 2),
(93, 6, 11, 2, '2013-04-01', 'phonics p. 7', 2),
(94, 6, 11, 3, '2013-04-01', 'phonics p. 6', 2),
(95, 6, 11, 5, '2013-03-27', 'phonics p. 4,5', 2),
(96, 6, 11, 4, '2013-04-01', 'phonics p. 4,5', 2),
(97, 6, 12, 5, '2013-04-01', 'phonics p. 6', 2),
(98, 6, 11, 6, '2013-04-01', 'phonics p. 7', 2),
(99, 6, 21, 13, '2013-04-01', 'dictation ', 2),
(100, 6, 1, 13, '2013-04-01', 'p. 7,8', 2),
(101, 5, 24, 16, '2013-03-27', 'prueba', 2),
(102, 5, 1, 2, '2013-02-22', 'numbers crossword\r\n', 2),
(103, 5, 2, 2, '2013-03-08', 'bigger than (shapes)\r\n', 2),
(104, 5, 3, 2, '2013-03-08', 'sets of ten ', 2),
(105, 5, 11, 2, '2013-03-07', 'p. 6,7\r\n', 2),
(106, 5, 12, 2, '2013-03-07', 'bigger than\r\n', 2),
(107, 5, 13, 2, '2013-03-08', 'p. 8,9', 2),
(108, 5, 18, 2, '2013-03-28', 'sets fifteen / sixteen', 2),
(109, 5, 21, 2, '2013-03-22', 'bigger than . Smaller than', 2),
(110, 5, 24, 2, '2013-03-25', 'prueba', 2),
(111, 5, 1, 3, '2013-03-11', 'pasted sun', 2),
(112, 5, 11, 3, '2013-03-04', 'the sun\r\n', 2),
(113, 5, 12, 3, '2013-03-11', 'p. 6, 7', 2),
(114, 5, 13, 3, '2013-03-12', 'the weather drawing', 2),
(115, 5, 18, 3, '2013-03-05', 'sunny\r\n', 2),
(116, 5, 21, 3, '2013-03-19', 'the sun\r\n', 2),
(117, 5, 22, 3, '2013-03-21', 'review the sun', 2),
(118, 5, 24, 3, '2013-04-22', 'prueba', 2),
(119, 5, 1, 4, '2013-03-04', 'bigger than (shapes)\r\n', 2),
(120, 5, 2, 4, '2013-03-07', 'smaller than\r\n', 2),
(122, 5, 11, 4, '2013-03-06', 'bigger than (shapes)\r\n', 2),
(123, 5, 18, 4, '2013-03-27', 'sets\r\n', 2),
(124, 5, 21, 4, '2013-03-20', 'bigger than . Smaller than', 2),
(125, 5, 24, 4, '2013-04-23', 'prueba', 2),
(126, 5, 13, 5, '2013-03-11', 'the weather drawing \r\n', 2),
(127, 5, 14, 5, '2013-03-13', 'p. 12\r\n', 2),
(128, 5, 18, 5, '2013-03-04', 'sunny\r\n', 2),
(129, 5, 21, 5, '2013-03-20', 'the sun and weather\r\n', 2),
(130, 5, 24, 5, '2013-04-24', 'prueba', 2),
(131, 5, 1, 6, '2013-03-04', 'numbers crossword\r\n', 2),
(132, 5, 2, 6, '2013-03-11', 'bigger than\r\n', 2),
(133, 5, 3, 6, '2013-03-11', 'smaller than\r\n', 2),
(134, 5, 4, 6, '2013-03-11', 'sets of ten\r\n', 2),
(135, 5, 11, 6, '2013-03-06', 'smaller than\r\n', 2),
(136, 5, 18, 6, '2013-03-25', 'fifteen-eighteen sets\r\n', 2),
(137, 5, 21, 6, '2013-03-20', 'bigger than - smaller than\r\n', 2),
(138, 5, 24, 6, '2013-03-25', 'prueba', 2),
(139, 5, 1, 7, '2013-03-05', 'phonics p. 5, 6\r\n', 2),
(140, 5, 2, 7, '2013-03-05', 'alphabet cards\r\n', 2),
(141, 5, 3, 7, '2013-03-06', 'l. p. 16-17', 2),
(142, 5, 4, 7, '2013-03-06', 'class book animals\r\n', 2),
(143, 5, 5, 7, '2013-03-11', 'v. p. 10\r\n', 2),
(144, 5, 6, 7, '2013-03-13', 'real-make believe poster\r\n', 2),
(145, 5, 11, 7, '2013-03-11', 'v. p. 11\r\n', 2),
(146, 5, 12, 7, '2013-03-13', 'p. 4, 5\r\n', 2),
(147, 5, 18, 7, '2013-02-19', 'animals\r\n', 2),
(148, 5, 21, 7, '2013-02-27', 'rima\r\n', 2),
(149, 5, 22, 7, '2013-03-12', 'name spelling\r\n', 2),
(150, 5, 24, 7, '2013-03-26', 'prueba', 2),
(151, 5, 1, 8, '2013-02-21', 'arctic animals\r\n', 2),
(152, 5, 2, 8, '2013-02-28', 'p. 4\r\n', 2),
(153, 5, 11, 8, '2013-03-07', 'the desert \r\n', 2),
(154, 5, 12, 8, '2013-03-07', 'p. 14\r\n', 2),
(155, 5, 18, 8, '2013-02-19', 'habitats\r\n', 2),
(156, 5, 21, 8, '2013-03-22', 'monkeys \r\n', 2),
(157, 5, 24, 8, '2013-03-27', 'prueba', 2),
(158, 5, 1, 9, '2013-03-01', 'p. 4, 5\r\n', 2),
(159, 5, 2, 9, '2013-03-08', 'find the numbers', 2),
(160, 5, 11, 9, '2013-03-01', 'p. 6, 7\r\n', 2),
(161, 5, 12, 9, '2013-03-22', 'p. 4,5 unit 5\r\n', 2),
(162, 5, 18, 9, '2013-02-19', 'one hundred\r\n', 2),
(163, 5, 21, 9, '2013-03-22', 'expansion', 2),
(164, 5, 24, 9, '2013-03-28', 'prueba', 2),
(165, 5, 1, 10, '2013-03-05', 'v p. 4-9\r\n', 2),
(166, 5, 2, 10, '2013-03-05', 'alphabet cards\r\n', 2),
(167, 5, 3, 10, '2013-03-06', 'class book animals\r\n', 2),
(168, 5, 4, 10, '2013-03-06', 'p. 16,17\r\n', 2),
(169, 5, 5, 10, '2013-03-13', 'real-make believe poster\r\n', 2),
(170, 5, 6, 10, '2013-03-19', 'sentences about the animals\r\n', 2),
(171, 5, 11, 10, '2013-03-05', 'v. p. 10\r\n', 2),
(172, 5, 18, 10, '2013-02-19', 'ANIMALS\r\n', 2),
(173, 5, 21, 10, '2013-02-27', 'rima\r\n', 2),
(174, 5, 22, 10, '2013-03-12', 'name spelling\r\n', 2),
(175, 5, 24, 10, '2013-03-27', 'prueba', 2),
(176, 5, 1, 11, '2013-02-28', 'p. 4\r\n', 2),
(177, 5, 11, 11, '2013-03-07', 'the desert\r\n', 2),
(178, 5, 12, 11, '2013-03-07', 'p. 14\r\n', 2),
(179, 5, 18, 11, '2013-02-19', 'habitats\r\n', 2),
(180, 5, 21, 11, '2013-03-22', 'monkeys \r\n', 2),
(181, 5, 24, 11, '2013-03-27', 'prueba', 2),
(182, 5, 1, 12, '2013-03-01', 'p. 4,5\r\n', 2),
(183, 5, 2, 12, '2013-03-08', 'numbers expansion\r\n', 2),
(184, 5, 3, 12, '2013-03-08', 'find the numbers\r\n', 2),
(185, 5, 11, 12, '2013-03-01', 'p. 6,7\r\n', 2),
(186, 5, 18, 12, '2013-02-19', 'ONE HUNDRED \r\n', 2),
(187, 5, 21, 12, '2013-03-27', 'expansion\r\n', 2),
(188, 5, 24, 12, '2013-03-27', 'prueba', 2),
(189, 5, 1, 13, '2013-02-22', 'sentences p. 7  NB\r\n', 2),
(190, 5, 2, 13, '2013-02-25', 'p. 9\r\n', 2),
(191, 5, 3, 13, '2013-02-28', 'alphabet cards \r\n', 2),
(192, 5, 4, 13, '2013-03-04', 'schedule\r\n', 2),
(193, 5, 5, 13, '2013-03-01', 'p. 16-17\r\n', 2),
(194, 5, 6, 13, '2013-03-04', 'v. p. 4-9\r\n', 2),
(195, 5, 7, 13, '2013-03-05', 'phonics p. 5, 6\r\n', 2),
(196, 5, 8, 13, '2013-03-11', 'this-that sentences\r\n', 2),
(197, 5, 9, 13, '2013-03-14', 'classbook animals\r\n', 2),
(198, 5, 10, 13, '2013-03-19', 'real-make believe poster\r\n', 2),
(199, 5, 11, 13, '2013-02-21', 'p. 4, 5\r\n', 2),
(200, 5, 12, 13, '2013-02-21', 'p. 6\r\n', 2),
(201, 5, 13, 13, '2013-03-01', 'p. 12-13\r\n', 2),
(202, 5, 14, 13, '2013-03-04', 'p. 10\r\n', 2),
(203, 5, 15, 13, '2013-03-05', 'phonics p. 7\r\n', 2),
(204, 5, 18, 13, '2013-03-07', 'animals\r\n', 2),
(205, 5, 21, 13, '2013-02-28', 'rhyme \r\n', 2),
(206, 5, 22, 13, '2013-03-25', 'dictados', 2),
(207, 5, 24, 13, '2013-03-28', 'prueba', 2),
(210, 6, 1, 5, '2013-04-03', 'easter eggs', 2),
(211, 6, 1, 8, '2013-04-03', 'easter eggs', 2),
(212, 6, 1, 11, '2013-04-03', 'easter eggs', 2),
(213, 6, 21, 16, '2013-04-03', 'conversation agreeing and disagreeing', 2),
(214, 6, 21, 14, '2013-04-04', 'leccion . approval, disapproval', 2),
(215, 6, 11, 13, '2013-04-05', 'p. 20', 2);

-- --------------------------------------------------------

--
-- Estructura de tabla para la tabla `cursos`
--

DROP TABLE IF EXISTS `cursos`;
CREATE TABLE IF NOT EXISTS `cursos` (
  `id_curso` int(11) NOT NULL AUTO_INCREMENT,
  `oferta_academica_id_oferta_academica` int(11) NOT NULL,
  `anos_lectivos_id_ano_lectivo` int(11) NOT NULL,
  `paralelo_curso` varchar(2) COLLATE latin1_spanish_ci NOT NULL,
  `estado_curso` int(11) NOT NULL DEFAULT '1',
  PRIMARY KEY (`id_curso`)
) ENGINE=InnoDB  DEFAULT CHARSET=latin1 COLLATE=latin1_spanish_ci AUTO_INCREMENT=31 ;

--
-- Volcado de datos para la tabla `cursos`
--

INSERT INTO `cursos` (`id_curso`, `oferta_academica_id_oferta_academica`, `anos_lectivos_id_ano_lectivo`, `paralelo_curso`, `estado_curso`) VALUES
(1, 1, 1, 'A', 1),
(2, 2, 1, 'A', 1),
(3, 2, 1, 'B', 1),
(4, 3, 1, 'A', 1),
(5, 3, 1, 'B', 1),
(6, 3, 1, 'C', 1),
(7, 4, 1, 'A', 1),
(8, 4, 1, 'B', 1),
(9, 4, 1, 'C', 1),
(10, 5, 1, 'A', 1),
(11, 5, 1, 'B', 1),
(12, 6, 1, 'A', 1),
(13, 6, 1, 'B', 1),
(14, 7, 1, 'A', 1),
(15, 7, 1, 'B', 1),
(16, 8, 1, 'A', 1),
(17, 8, 1, 'B', 1),
(18, 9, 1, 'A', 1),
(19, 9, 1, 'B', 1),
(20, 10, 1, 'A', 1),
(21, 10, 1, 'B', 1),
(22, 11, 1, 'A', 1),
(23, 11, 1, 'B', 1),
(24, 12, 1, 'A', 1),
(25, 12, 1, 'B', 1),
(26, 13, 1, 'A', 1),
(27, 13, 1, 'B', 1),
(28, 14, 1, 'A', 1),
(29, 14, 1, 'B', 1),
(30, 15, 1, 'A', 1);

-- --------------------------------------------------------

--
-- Estructura de tabla para la tabla `malla_curricular`
--

DROP TABLE IF EXISTS `malla_curricular`;
CREATE TABLE IF NOT EXISTS `malla_curricular` (
  `id_malla_curricular` int(11) NOT NULL AUTO_INCREMENT,
  `cursos_id_curso` int(11) NOT NULL,
  `materias_id_materia` int(11) NOT NULL,
  `usuarios_id_usuario` int(11) NOT NULL,
  `estado_malla_curricular` int(11) NOT NULL DEFAULT '1',
  PRIMARY KEY (`id_malla_curricular`)
) ENGINE=InnoDB  DEFAULT CHARSET=latin1 COLLATE=latin1_spanish_ci AUTO_INCREMENT=36 ;

--
-- Volcado de datos para la tabla `malla_curricular`
--

INSERT INTO `malla_curricular` (`id_malla_curricular`, `cursos_id_curso`, `materias_id_materia`, `usuarios_id_usuario`, `estado_malla_curricular`) VALUES
(1, 7, 2, 2, 1),
(2, 7, 3, 2, 1),
(3, 8, 2, 2, 1),
(4, 8, 3, 2, 1),
(5, 9, 2, 2, 1),
(6, 9, 3, 2, 1),
(7, 10, 1, 2, 1),
(8, 10, 2, 2, 1),
(9, 10, 3, 2, 1),
(10, 11, 1, 2, 1),
(11, 11, 2, 2, 1),
(12, 11, 3, 2, 1),
(13, 13, 1, 2, 1),
(14, 22, 1, 2, 1),
(15, 23, 1, 2, 1),
(16, 30, 1, 2, 1),
(17, 30, 4, 2, 1),
(18, 12, 1, 3, 1),
(19, 12, 2, 3, 1),
(20, 12, 3, 3, 1),
(21, 13, 2, 3, 1),
(22, 13, 3, 3, 1),
(23, 14, 1, 3, 1),
(24, 14, 2, 3, 1),
(25, 14, 3, 3, 1),
(26, 15, 1, 3, 1),
(27, 15, 2, 3, 1),
(28, 15, 3, 3, 1),
(29, 16, 3, 3, 1),
(30, 24, 4, 3, 1),
(31, 25, 4, 3, 1),
(32, 28, 1, 3, 1),
(33, 28, 4, 3, 1),
(34, 29, 1, 3, 1),
(35, 29, 4, 3, 1);

-- --------------------------------------------------------

--
-- Estructura de tabla para la tabla `materias`
--

DROP TABLE IF EXISTS `materias`;
CREATE TABLE IF NOT EXISTS `materias` (
  `id_materia` int(11) NOT NULL AUTO_INCREMENT,
  `detalle_materia` varchar(150) COLLATE latin1_spanish_ci NOT NULL,
  `estado_materia` int(11) NOT NULL DEFAULT '1',
  PRIMARY KEY (`id_materia`)
) ENGINE=InnoDB  DEFAULT CHARSET=latin1 COLLATE=latin1_spanish_ci AUTO_INCREMENT=5 ;

--
-- Volcado de datos para la tabla `materias`
--

INSERT INTO `materias` (`id_materia`, `detalle_materia`, `estado_materia`) VALUES
(1, 'Language', 1),
(2, 'Science', 1),
(3, 'Math', 1),
(4, 'History', 1);

-- --------------------------------------------------------

--
-- Estructura de tabla para la tabla `matriculas`
--

DROP TABLE IF EXISTS `matriculas`;
CREATE TABLE IF NOT EXISTS `matriculas` (
  `id_matricula` int(11) NOT NULL AUTO_INCREMENT,
  `cursos_id_curso_matricula` int(11) NOT NULL,
  `alumnos_id_alumno_matricula` int(11) NOT NULL,
  `orden_alfabetico_matricula` int(11) NOT NULL DEFAULT '1',
  `estado_matricula` int(11) NOT NULL DEFAULT '1',
  PRIMARY KEY (`id_matricula`)
) ENGINE=InnoDB  DEFAULT CHARSET=latin1 COLLATE=latin1_spanish_ci AUTO_INCREMENT=663 ;

--
-- Volcado de datos para la tabla `matriculas`
--

INSERT INTO `matriculas` (`id_matricula`, `cursos_id_curso_matricula`, `alumnos_id_alumno_matricula`, `orden_alfabetico_matricula`, `estado_matricula`) VALUES
(1, 1, 1, 1, 1),
(2, 1, 2, 1, 1),
(3, 1, 3, 1, 1),
(4, 1, 4, 1, 1),
(5, 1, 5, 1, 1),
(6, 1, 6, 1, 1),
(7, 1, 7, 1, 1),
(8, 2, 8, 1, 1),
(9, 2, 9, 1, 1),
(10, 2, 10, 1, 1),
(11, 2, 11, 1, 1),
(12, 2, 12, 1, 1),
(13, 2, 13, 1, 1),
(14, 2, 14, 1, 1),
(15, 2, 15, 1, 1),
(16, 2, 16, 1, 1),
(17, 2, 17, 1, 1),
(18, 2, 18, 1, 1),
(19, 2, 19, 1, 1),
(20, 2, 20, 1, 1),
(21, 2, 21, 1, 1),
(22, 2, 22, 1, 1),
(23, 2, 23, 1, 1),
(24, 2, 24, 1, 1),
(25, 2, 25, 1, 1),
(26, 2, 26, 1, 1),
(27, 3, 27, 1, 1),
(28, 3, 28, 1, 1),
(29, 3, 29, 1, 1),
(30, 3, 30, 1, 1),
(31, 3, 31, 1, 1),
(32, 3, 32, 1, 1),
(33, 3, 33, 1, 1),
(34, 3, 34, 1, 1),
(35, 3, 35, 1, 1),
(36, 3, 36, 1, 1),
(37, 3, 37, 1, 1),
(38, 3, 38, 1, 1),
(39, 3, 39, 1, 1),
(40, 3, 40, 1, 1),
(41, 3, 41, 1, 1),
(42, 3, 42, 1, 1),
(43, 3, 43, 1, 1),
(44, 4, 44, 1, 1),
(45, 4, 45, 1, 1),
(46, 4, 46, 1, 1),
(47, 4, 47, 1, 1),
(48, 4, 48, 1, 1),
(49, 4, 49, 1, 1),
(50, 4, 50, 1, 1),
(51, 4, 51, 1, 1),
(52, 4, 52, 1, 1),
(53, 4, 53, 1, 1),
(54, 4, 54, 1, 1),
(55, 4, 55, 1, 1),
(56, 4, 56, 1, 1),
(57, 4, 57, 1, 1),
(58, 4, 58, 1, 1),
(59, 4, 59, 1, 1),
(60, 4, 60, 1, 1),
(61, 4, 61, 1, 1),
(62, 4, 62, 1, 1),
(63, 4, 63, 1, 1),
(64, 4, 64, 1, 1),
(65, 4, 65, 1, 1),
(66, 5, 66, 1, 1),
(67, 5, 67, 1, 1),
(68, 5, 68, 1, 1),
(69, 5, 69, 1, 1),
(70, 5, 70, 1, 1),
(71, 5, 71, 1, 1),
(72, 5, 72, 1, 1),
(73, 5, 73, 1, 1),
(74, 5, 74, 1, 1),
(75, 5, 75, 1, 1),
(76, 5, 76, 1, 1),
(77, 5, 77, 1, 1),
(78, 5, 78, 1, 1),
(79, 5, 79, 1, 1),
(80, 5, 80, 1, 1),
(81, 5, 81, 1, 1),
(82, 5, 82, 1, 1),
(83, 5, 83, 1, 1),
(84, 5, 84, 1, 1),
(85, 5, 85, 1, 1),
(86, 5, 86, 1, 1),
(87, 6, 87, 1, 1),
(88, 6, 88, 1, 1),
(89, 6, 89, 1, 1),
(90, 6, 90, 1, 1),
(91, 6, 91, 1, 1),
(92, 6, 92, 1, 1),
(93, 6, 93, 1, 1),
(94, 6, 94, 1, 1),
(95, 6, 95, 1, 1),
(96, 6, 96, 1, 1),
(97, 6, 97, 1, 1),
(98, 6, 98, 1, 1),
(99, 6, 99, 1, 1),
(100, 6, 100, 1, 1),
(101, 6, 101, 1, 1),
(102, 6, 102, 1, 1),
(103, 6, 103, 1, 1),
(104, 6, 104, 1, 1),
(105, 7, 105, 1, 1),
(106, 7, 106, 1, 1),
(107, 7, 107, 1, 1),
(108, 7, 108, 1, 1),
(109, 7, 109, 1, 1),
(110, 7, 110, 1, 1),
(111, 7, 111, 1, 1),
(112, 7, 112, 1, 1),
(113, 7, 113, 1, 1),
(114, 7, 114, 1, 1),
(115, 7, 115, 1, 1),
(116, 7, 116, 1, 1),
(117, 7, 117, 1, 1),
(118, 7, 118, 1, 1),
(119, 7, 119, 1, 1),
(120, 7, 120, 1, 1),
(121, 7, 121, 1, 1),
(122, 7, 122, 1, 1),
(123, 7, 123, 1, 1),
(124, 7, 124, 1, 1),
(125, 7, 125, 1, 1),
(126, 7, 126, 1, 1),
(127, 7, 127, 1, 1),
(128, 8, 128, 1, 1),
(129, 8, 129, 1, 1),
(130, 8, 130, 1, 1),
(131, 8, 131, 1, 1),
(132, 8, 132, 1, 1),
(133, 8, 133, 1, 1),
(134, 8, 134, 1, 1),
(135, 8, 135, 1, 1),
(136, 8, 136, 1, 1),
(137, 8, 137, 1, 1),
(138, 8, 138, 1, 1),
(139, 8, 139, 1, 1),
(140, 8, 140, 1, 1),
(141, 8, 141, 1, 1),
(142, 8, 142, 1, 1),
(143, 8, 143, 1, 1),
(144, 8, 144, 1, 1),
(145, 8, 145, 1, 1),
(146, 8, 146, 1, 1),
(147, 8, 147, 1, 1),
(148, 9, 148, 1, 1),
(149, 9, 149, 1, 1),
(150, 9, 150, 1, 1),
(151, 9, 151, 1, 1),
(152, 9, 152, 1, 1),
(153, 9, 153, 1, 1),
(154, 9, 154, 1, 1),
(155, 9, 155, 1, 1),
(156, 9, 156, 1, 1),
(157, 9, 157, 1, 1),
(158, 9, 158, 1, 1),
(159, 9, 159, 1, 1),
(160, 9, 160, 1, 1),
(161, 9, 161, 1, 1),
(162, 9, 162, 1, 1),
(163, 9, 163, 1, 1),
(164, 9, 164, 1, 1),
(165, 9, 165, 1, 1),
(166, 9, 166, 1, 1),
(167, 9, 167, 1, 1),
(168, 9, 168, 1, 1),
(169, 9, 169, 1, 1),
(170, 10, 170, 1, 1),
(171, 10, 171, 1, 1),
(172, 10, 172, 1, 1),
(173, 10, 173, 1, 1),
(174, 10, 174, 1, 1),
(175, 10, 175, 1, 1),
(176, 10, 176, 1, 1),
(177, 10, 177, 1, 1),
(178, 10, 178, 1, 1),
(179, 10, 179, 1, 1),
(181, 10, 181, 1, 1),
(182, 10, 182, 1, 1),
(183, 10, 183, 1, 1),
(184, 10, 184, 1, 1),
(185, 10, 185, 1, 1),
(186, 10, 186, 1, 1),
(187, 10, 187, 1, 1),
(188, 10, 188, 1, 1),
(189, 10, 189, 1, 1),
(190, 10, 190, 1, 1),
(191, 10, 191, 1, 1),
(192, 10, 192, 1, 1),
(193, 10, 193, 1, 1),
(194, 10, 194, 1, 1),
(195, 10, 195, 1, 1),
(196, 10, 196, 1, 1),
(197, 10, 197, 1, 1),
(198, 10, 198, 1, 1),
(199, 11, 199, 1, 1),
(200, 11, 200, 1, 1),
(201, 11, 201, 1, 1),
(202, 11, 202, 1, 1),
(203, 11, 203, 1, 1),
(204, 11, 204, 1, 1),
(205, 11, 205, 1, 1),
(206, 11, 206, 1, 1),
(207, 11, 207, 1, 1),
(208, 11, 208, 1, 1),
(209, 11, 209, 1, 1),
(210, 11, 210, 1, 1),
(211, 11, 211, 1, 1),
(212, 11, 212, 1, 1),
(213, 11, 213, 1, 1),
(214, 11, 214, 1, 1),
(215, 11, 215, 1, 1),
(216, 11, 216, 1, 1),
(217, 11, 217, 1, 1),
(218, 11, 218, 1, 1),
(219, 11, 219, 1, 1),
(220, 11, 220, 1, 1),
(221, 11, 221, 1, 1),
(222, 11, 222, 1, 1),
(223, 11, 223, 1, 1),
(224, 11, 224, 1, 1),
(225, 11, 225, 1, 1),
(226, 11, 226, 1, 1),
(227, 12, 227, 1, 1),
(228, 12, 228, 1, 1),
(229, 12, 229, 1, 1),
(230, 12, 230, 1, 1),
(231, 12, 231, 1, 1),
(232, 12, 232, 1, 1),
(233, 12, 233, 1, 1),
(234, 12, 234, 1, 1),
(235, 12, 235, 1, 1),
(236, 12, 236, 1, 1),
(237, 12, 237, 1, 1),
(238, 12, 238, 1, 1),
(239, 12, 239, 1, 1),
(240, 12, 240, 1, 1),
(241, 12, 241, 1, 1),
(242, 12, 242, 1, 1),
(243, 12, 243, 1, 1),
(244, 12, 244, 1, 1),
(245, 13, 245, 1, 1),
(246, 13, 246, 1, 1),
(247, 13, 247, 1, 1),
(248, 13, 248, 1, 1),
(249, 13, 249, 1, 1),
(250, 13, 250, 1, 1),
(251, 13, 251, 1, 1),
(252, 13, 252, 1, 1),
(253, 13, 253, 1, 1),
(254, 13, 254, 1, 1),
(255, 13, 255, 1, 1),
(256, 13, 256, 1, 1),
(257, 13, 257, 1, 1),
(258, 13, 258, 1, 1),
(259, 13, 259, 1, 1),
(260, 13, 260, 1, 1),
(261, 13, 261, 1, 1),
(262, 13, 262, 1, 1),
(263, 14, 263, 1, 1),
(264, 14, 264, 1, 1),
(265, 14, 265, 1, 1),
(266, 14, 266, 1, 1),
(267, 14, 267, 1, 1),
(268, 14, 268, 1, 1),
(269, 14, 269, 1, 1),
(270, 14, 270, 1, 1),
(271, 14, 271, 1, 1),
(272, 14, 272, 1, 1),
(273, 14, 273, 1, 1),
(274, 14, 274, 1, 1),
(275, 14, 275, 1, 1),
(276, 14, 276, 1, 1),
(277, 14, 277, 1, 1),
(278, 14, 278, 1, 1),
(279, 14, 279, 1, 1),
(280, 14, 280, 1, 1),
(281, 14, 281, 1, 1),
(282, 14, 282, 1, 1),
(283, 14, 283, 1, 1),
(284, 14, 284, 1, 1),
(285, 14, 285, 1, 1),
(286, 14, 286, 1, 1),
(287, 14, 287, 1, 1),
(288, 14, 288, 1, 1),
(289, 14, 289, 1, 1),
(290, 14, 290, 1, 1),
(291, 15, 291, 1, 1),
(292, 15, 292, 1, 1),
(293, 15, 293, 1, 1),
(294, 15, 294, 1, 1),
(295, 15, 295, 1, 1),
(296, 15, 296, 1, 1),
(297, 15, 297, 1, 1),
(298, 15, 298, 1, 1),
(299, 15, 299, 1, 1),
(300, 15, 300, 1, 1),
(301, 15, 301, 1, 1),
(302, 15, 302, 1, 1),
(303, 15, 303, 1, 1),
(304, 15, 304, 1, 1),
(305, 15, 305, 1, 1),
(306, 15, 306, 1, 1),
(307, 15, 307, 1, 1),
(308, 15, 308, 1, 1),
(309, 15, 309, 1, 1),
(310, 15, 310, 1, 1),
(311, 15, 311, 1, 1),
(312, 15, 312, 1, 1),
(313, 15, 313, 1, 1),
(314, 15, 314, 1, 1),
(315, 15, 315, 1, 1),
(316, 15, 316, 1, 1),
(317, 15, 317, 1, 1),
(318, 15, 318, 1, 1),
(319, 16, 319, 1, 1),
(320, 16, 320, 1, 1),
(321, 16, 321, 1, 1),
(322, 16, 322, 1, 1),
(323, 16, 323, 1, 1),
(324, 16, 324, 1, 1),
(325, 16, 325, 1, 1),
(326, 16, 326, 1, 1),
(327, 16, 327, 1, 1),
(328, 16, 328, 1, 1),
(329, 16, 329, 1, 1),
(330, 16, 330, 1, 1),
(331, 16, 331, 1, 1),
(332, 16, 332, 1, 1),
(333, 16, 333, 1, 1),
(334, 16, 334, 1, 1),
(335, 16, 335, 1, 1),
(336, 16, 336, 1, 1),
(337, 16, 337, 1, 1),
(338, 16, 338, 1, 1),
(339, 16, 339, 1, 1),
(340, 16, 340, 1, 1),
(341, 16, 341, 1, 1),
(342, 16, 342, 1, 1),
(343, 16, 343, 1, 1),
(344, 16, 344, 1, 1),
(345, 16, 345, 1, 1),
(346, 17, 346, 1, 1),
(347, 17, 347, 1, 1),
(348, 17, 348, 1, 1),
(349, 17, 349, 1, 1),
(350, 17, 350, 1, 1),
(351, 17, 351, 1, 1),
(352, 17, 352, 1, 1),
(353, 17, 353, 1, 1),
(354, 17, 354, 1, 1),
(355, 17, 355, 1, 1),
(356, 17, 356, 1, 1),
(357, 17, 357, 1, 1),
(358, 17, 358, 1, 1),
(359, 17, 359, 1, 1),
(360, 17, 360, 1, 1),
(361, 17, 361, 1, 1),
(362, 17, 362, 1, 1),
(363, 17, 363, 1, 1),
(364, 17, 364, 1, 1),
(365, 17, 365, 1, 1),
(366, 17, 366, 1, 1),
(367, 17, 367, 1, 1),
(368, 17, 368, 1, 1),
(369, 17, 369, 1, 1),
(370, 17, 370, 1, 1),
(371, 17, 371, 1, 1),
(372, 18, 372, 1, 1),
(373, 18, 373, 1, 1),
(374, 18, 374, 1, 1),
(375, 18, 375, 1, 1),
(376, 18, 376, 1, 1),
(377, 18, 377, 1, 1),
(378, 18, 378, 1, 1),
(379, 18, 379, 1, 1),
(380, 18, 380, 1, 1),
(381, 18, 381, 1, 1),
(382, 18, 382, 1, 1),
(383, 18, 383, 1, 1),
(384, 18, 384, 1, 1),
(385, 18, 385, 1, 1),
(386, 18, 386, 1, 1),
(387, 18, 387, 1, 1),
(388, 18, 388, 1, 1),
(389, 18, 389, 1, 1),
(390, 18, 390, 1, 1),
(391, 18, 391, 1, 1),
(392, 18, 392, 1, 1),
(393, 18, 393, 1, 1),
(394, 18, 394, 1, 1),
(395, 18, 395, 1, 1),
(396, 18, 396, 1, 1),
(397, 18, 397, 1, 1),
(398, 18, 398, 1, 1),
(399, 18, 399, 1, 1),
(400, 18, 400, 1, 1),
(401, 18, 401, 1, 1),
(402, 19, 402, 1, 1),
(403, 19, 403, 1, 1),
(404, 19, 404, 1, 1),
(405, 19, 405, 1, 1),
(406, 19, 406, 1, 1),
(407, 19, 407, 1, 1),
(408, 19, 408, 1, 1),
(409, 19, 409, 1, 1),
(410, 19, 410, 1, 1),
(411, 19, 411, 1, 1),
(412, 19, 412, 1, 1),
(413, 19, 413, 1, 1),
(414, 19, 414, 1, 1),
(415, 19, 415, 1, 1),
(416, 19, 416, 1, 1),
(417, 19, 417, 1, 1),
(418, 19, 418, 1, 1),
(419, 19, 419, 1, 1),
(420, 19, 420, 1, 1),
(421, 19, 421, 1, 1),
(422, 19, 422, 1, 1),
(423, 19, 423, 1, 1),
(424, 19, 424, 1, 1),
(425, 19, 425, 1, 1),
(426, 19, 426, 1, 1),
(427, 19, 427, 1, 1),
(428, 19, 428, 1, 1),
(429, 19, 429, 1, 1),
(430, 19, 430, 1, 1),
(431, 20, 431, 1, 1),
(432, 20, 432, 1, 1),
(433, 20, 433, 1, 1),
(434, 20, 434, 1, 1),
(435, 20, 435, 1, 1),
(436, 20, 436, 1, 1),
(437, 20, 437, 1, 1),
(438, 20, 438, 1, 1),
(439, 20, 439, 1, 1),
(440, 20, 440, 1, 1),
(441, 20, 441, 1, 1),
(442, 20, 442, 1, 1),
(443, 20, 443, 1, 1),
(444, 20, 444, 1, 1),
(445, 20, 445, 1, 1),
(446, 20, 446, 1, 1),
(447, 20, 447, 1, 1),
(448, 20, 448, 1, 1),
(449, 20, 449, 1, 1),
(450, 20, 450, 1, 1),
(451, 20, 451, 1, 1),
(452, 20, 452, 1, 1),
(453, 20, 453, 1, 1),
(454, 20, 454, 1, 1),
(455, 21, 455, 1, 1),
(456, 21, 456, 1, 1),
(457, 21, 457, 1, 1),
(458, 21, 458, 1, 1),
(459, 21, 459, 1, 1),
(460, 21, 460, 1, 1),
(461, 21, 461, 1, 1),
(462, 21, 462, 1, 1),
(463, 21, 463, 1, 1),
(464, 21, 464, 1, 1),
(465, 21, 465, 1, 1),
(466, 21, 466, 1, 1),
(467, 21, 467, 1, 1),
(468, 21, 468, 1, 1),
(469, 21, 469, 1, 1),
(470, 21, 470, 1, 1),
(471, 21, 471, 1, 1),
(472, 21, 472, 1, 1),
(473, 21, 473, 1, 1),
(474, 21, 474, 1, 1),
(475, 21, 475, 1, 1),
(476, 21, 476, 1, 1),
(477, 21, 477, 1, 1),
(478, 21, 478, 1, 1),
(479, 22, 479, 1, 1),
(480, 22, 480, 1, 1),
(481, 22, 481, 1, 1),
(482, 22, 482, 1, 1),
(483, 22, 483, 1, 1),
(484, 22, 484, 1, 1),
(485, 22, 485, 1, 1),
(486, 22, 486, 1, 1),
(487, 22, 487, 1, 1),
(488, 22, 488, 1, 1),
(489, 22, 489, 1, 1),
(490, 22, 490, 1, 1),
(491, 22, 491, 1, 1),
(492, 22, 492, 1, 1),
(493, 22, 493, 1, 1),
(494, 22, 494, 1, 1),
(495, 22, 495, 1, 1),
(496, 22, 496, 1, 1),
(497, 22, 497, 1, 1),
(498, 22, 498, 1, 1),
(499, 22, 499, 1, 1),
(500, 22, 500, 1, 1),
(501, 22, 501, 1, 1),
(502, 22, 502, 1, 1),
(503, 22, 503, 1, 1),
(504, 23, 504, 1, 1),
(505, 23, 505, 1, 1),
(506, 23, 506, 1, 1),
(507, 23, 507, 1, 1),
(508, 23, 508, 1, 1),
(509, 23, 509, 1, 1),
(510, 23, 510, 1, 1),
(511, 23, 511, 1, 1),
(512, 23, 512, 1, 1),
(513, 23, 513, 1, 1),
(514, 23, 514, 1, 1),
(515, 23, 515, 1, 1),
(516, 23, 516, 1, 1),
(517, 23, 517, 1, 1),
(518, 23, 518, 1, 1),
(519, 23, 519, 1, 1),
(520, 23, 520, 1, 1),
(521, 23, 521, 1, 1),
(522, 23, 522, 1, 1),
(523, 23, 523, 1, 1),
(524, 23, 524, 1, 1),
(525, 23, 525, 1, 1),
(526, 23, 526, 1, 1),
(527, 23, 527, 1, 1),
(528, 23, 528, 1, 1),
(529, 24, 529, 1, 1),
(530, 24, 530, 1, 1),
(531, 24, 531, 1, 1),
(532, 24, 532, 1, 1),
(533, 24, 533, 1, 1),
(534, 24, 534, 1, 1),
(535, 24, 535, 1, 1),
(536, 24, 536, 1, 1),
(537, 24, 537, 1, 1),
(538, 24, 538, 1, 1),
(539, 24, 539, 1, 1),
(540, 24, 540, 1, 1),
(541, 24, 541, 1, 1),
(542, 24, 542, 1, 1),
(543, 24, 543, 1, 1),
(544, 24, 544, 1, 1),
(545, 24, 545, 1, 1),
(546, 24, 546, 1, 1),
(547, 24, 547, 1, 1),
(548, 25, 548, 1, 1),
(549, 25, 549, 1, 1),
(550, 25, 550, 1, 1),
(551, 25, 551, 1, 1),
(552, 25, 552, 1, 1),
(553, 25, 553, 1, 1),
(554, 25, 554, 1, 1),
(555, 25, 555, 1, 1),
(556, 25, 556, 1, 1),
(557, 25, 557, 1, 1),
(558, 25, 558, 1, 1),
(559, 25, 559, 1, 1),
(560, 25, 560, 1, 1),
(561, 25, 561, 1, 1),
(562, 25, 562, 1, 1),
(563, 25, 563, 1, 1),
(564, 25, 564, 1, 1),
(565, 25, 565, 1, 1),
(566, 26, 566, 1, 1),
(567, 26, 567, 1, 1),
(568, 26, 568, 1, 1),
(569, 26, 569, 1, 1),
(570, 26, 570, 1, 1),
(571, 26, 571, 1, 1),
(572, 26, 572, 1, 1),
(573, 26, 573, 1, 1),
(574, 26, 574, 1, 1),
(575, 26, 575, 1, 1),
(576, 26, 576, 1, 1),
(577, 26, 577, 1, 1),
(578, 26, 578, 1, 1),
(579, 26, 579, 1, 1),
(580, 26, 580, 1, 1),
(581, 26, 581, 1, 1),
(582, 26, 582, 1, 1),
(583, 26, 583, 1, 1),
(584, 26, 584, 1, 1),
(585, 26, 585, 1, 1),
(586, 27, 586, 1, 1),
(587, 27, 587, 1, 1),
(588, 27, 588, 1, 1),
(589, 27, 589, 1, 1),
(590, 27, 590, 1, 1),
(591, 27, 591, 1, 1),
(592, 27, 592, 1, 1),
(593, 27, 593, 1, 1),
(594, 27, 594, 1, 1),
(595, 27, 595, 1, 1),
(596, 27, 596, 1, 1),
(597, 27, 597, 1, 1),
(598, 27, 598, 1, 1),
(599, 27, 599, 1, 1),
(600, 27, 600, 1, 1),
(601, 27, 601, 1, 1),
(602, 27, 602, 1, 1),
(603, 27, 603, 1, 1),
(604, 27, 604, 1, 1),
(605, 27, 605, 1, 1),
(606, 28, 606, 1, 1),
(607, 28, 607, 1, 1),
(608, 28, 608, 1, 1),
(609, 28, 609, 1, 1),
(610, 28, 610, 1, 1),
(611, 28, 611, 1, 1),
(612, 28, 612, 1, 1),
(613, 28, 613, 1, 1),
(614, 28, 614, 1, 1),
(615, 28, 615, 1, 1),
(616, 28, 616, 1, 1),
(617, 28, 617, 1, 1),
(618, 28, 618, 1, 1),
(619, 28, 619, 1, 1),
(620, 28, 620, 1, 1),
(621, 29, 621, 1, 1),
(622, 29, 622, 1, 1),
(623, 29, 623, 1, 1),
(624, 29, 624, 1, 1),
(625, 29, 625, 1, 1),
(626, 29, 626, 1, 1),
(627, 29, 627, 1, 1),
(628, 29, 628, 1, 1),
(629, 29, 629, 1, 1),
(630, 29, 630, 1, 1),
(631, 29, 631, 1, 1),
(632, 29, 632, 1, 1),
(633, 29, 633, 1, 1),
(634, 29, 634, 1, 1),
(635, 29, 635, 1, 1),
(636, 30, 636, 1, 1),
(637, 30, 637, 1, 1),
(638, 30, 638, 1, 1),
(639, 30, 639, 1, 1),
(640, 30, 640, 1, 1),
(641, 30, 641, 1, 1),
(642, 30, 642, 1, 1),
(643, 30, 643, 1, 1),
(644, 30, 644, 1, 1),
(645, 30, 645, 1, 1),
(646, 30, 646, 1, 1),
(647, 30, 647, 1, 1),
(648, 30, 648, 1, 1),
(649, 30, 649, 1, 1),
(650, 30, 650, 1, 1),
(651, 30, 651, 1, 1),
(652, 30, 652, 1, 1),
(653, 30, 653, 1, 1),
(654, 8, 654, 1, 1),
(655, 8, 655, 1, 1),
(658, 8, 656, 1, 1),
(659, 11, 659, 1, 1),
(660, 15, 660, 0, 1),
(661, 12, 661, 0, 1),
(662, 29, 662, 0, 1);

-- --------------------------------------------------------

--
-- Estructura de tabla para la tabla `niveles_usuarios`
--

DROP TABLE IF EXISTS `niveles_usuarios`;
CREATE TABLE IF NOT EXISTS `niveles_usuarios` (
  `id_nivel` int(11) NOT NULL AUTO_INCREMENT,
  `detalle_nivel` varchar(150) CHARACTER SET latin1 DEFAULT NULL,
  `estado_nivel` int(11) DEFAULT '1',
  PRIMARY KEY (`id_nivel`)
) ENGINE=InnoDB  DEFAULT CHARSET=latin1 COLLATE=latin1_spanish_ci AUTO_INCREMENT=4 ;

--
-- Volcado de datos para la tabla `niveles_usuarios`
--

INSERT INTO `niveles_usuarios` (`id_nivel`, `detalle_nivel`, `estado_nivel`) VALUES
(1, 'Programador', 1),
(2, 'Administrativo', 1),
(3, 'Docente', 1);

-- --------------------------------------------------------

--
-- Estructura de tabla para la tabla `oferta_academica`
--

DROP TABLE IF EXISTS `oferta_academica`;
CREATE TABLE IF NOT EXISTS `oferta_academica` (
  `id_oferta_academica` int(11) NOT NULL AUTO_INCREMENT,
  `nombre_corto_oferta_academica` varchar(45) NOT NULL,
  `detalle_oferta_academica` varchar(150) DEFAULT NULL,
  `estado_oferta_academica` int(11) DEFAULT '1',
  PRIMARY KEY (`id_oferta_academica`)
) ENGINE=InnoDB  DEFAULT CHARSET=latin1 AUTO_INCREMENT=16 ;

--
-- Volcado de datos para la tabla `oferta_academica`
--

INSERT INTO `oferta_academica` (`id_oferta_academica`, `nombre_corto_oferta_academica`, `detalle_oferta_academica`, `estado_oferta_academica`) VALUES
(1, 'Inicial 1', 'Inicial 1', 1),
(2, 'Inicial 2', 'Inicial 2', 1),
(3, '1er Preparatoria', 'Primer Año Preparatoria', 1),
(4, 'Segundo de Básica', 'Segundo Año Basica Elemental', 1),
(5, 'Tercero de Básica', 'Tercer Año Basica Elemental', 1),
(6, 'Cuarto de Básica', 'Cuarto Año Basica Elemental', 1),
(7, 'Quinto de Básica', 'Quinto Año Basica Media', 1),
(8, 'Sexto de de Básica', 'Sexto Año Basica Media', 1),
(9, 'Séptimo de Básica', 'Septimo Año Basica Media', 1),
(10, 'Octavo de Básica', 'Octavo Año Basica Superior', 1),
(11, 'Noveno de Básica', 'Noveno Año Basica Superior', 1),
(12, 'Décimo de Básica', 'Decimo Año Basica Superior', 1),
(13, 'Primero de Bachillerato', 'Primer Año de Bachillerato', 1),
(14, 'Segundo de Bachillerato', 'Segundo Año de Bachillerato', 1),
(15, 'Tercero de Bachillerato', 'Tercer Año de Bachillerato', 1);

-- --------------------------------------------------------

--
-- Estructura de tabla para la tabla `quimestres`
--

DROP TABLE IF EXISTS `quimestres`;
CREATE TABLE IF NOT EXISTS `quimestres` (
  `id_quimestre` int(11) NOT NULL AUTO_INCREMENT,
  `detalle_quimestre` varchar(150) COLLATE latin1_spanish_ci NOT NULL,
  `nombre_corto_quimestre` varchar(150) COLLATE latin1_spanish_ci NOT NULL,
  `estado_quimestre` int(11) NOT NULL DEFAULT '1',
  PRIMARY KEY (`id_quimestre`)
) ENGINE=InnoDB  DEFAULT CHARSET=latin1 COLLATE=latin1_spanish_ci AUTO_INCREMENT=4 ;

--
-- Volcado de datos para la tabla `quimestres`
--

INSERT INTO `quimestres` (`id_quimestre`, `detalle_quimestre`, `nombre_corto_quimestre`, `estado_quimestre`) VALUES
(1, 'Primer Quimestre', '1QUIM', 1),
(2, 'Segundo Quimestre', '2QUIM', 1),
(3, 'Nota Final', 'NF', 1);

-- --------------------------------------------------------

--
-- Estructura de tabla para la tabla `registro_anual`
--

DROP TABLE IF EXISTS `registro_anual`;
CREATE TABLE IF NOT EXISTS `registro_anual` (
  `id_registro_anual` int(11) NOT NULL AUTO_INCREMENT,
  `id_quimestre` int(11) NOT NULL,
  `detalle_registro_anual` varchar(150) COLLATE latin1_spanish_ci NOT NULL,
  `nombre_corto_registro_anual` varchar(150) COLLATE latin1_spanish_ci NOT NULL,
  `estado_registro_anual` int(11) NOT NULL DEFAULT '1',
  PRIMARY KEY (`id_registro_anual`)
) ENGINE=InnoDB  DEFAULT CHARSET=latin1 COLLATE=latin1_spanish_ci AUTO_INCREMENT=14 ;

--
-- Volcado de datos para la tabla `registro_anual`
--

INSERT INTO `registro_anual` (`id_registro_anual`, `id_quimestre`, `detalle_registro_anual`, `nombre_corto_registro_anual`, `estado_registro_anual`) VALUES
(1, 1, 'Parcial 1', 'P1', 1),
(2, 1, 'Parcial 2', 'P2', 1),
(3, 1, 'Parcial 3', 'P3', 1),
(4, 1, 'Examen', 'EX', 1),
(5, 2, 'Parcial 1', 'P1', 1),
(6, 2, 'Parcial 2', 'P2', 1),
(7, 2, 'Parcial 3', 'P3', 1),
(8, 2, 'Examen', 'EX', 1),
(9, 1, 'Recuperacion', 'Recuperacion', 1),
(10, 2, 'Recuperacion', 'Recuperacion', 1),
(11, 3, 'Supletorio', 'Supletorio', 1),
(12, 3, 'Remedial', 'Remedial', 1),
(13, 3, 'Gracia', 'Gracia', 1);

-- --------------------------------------------------------

--
-- Estructura de tabla para la tabla `usuarios`
--

DROP TABLE IF EXISTS `usuarios`;
CREATE TABLE IF NOT EXISTS `usuarios` (
  `id_usuario` int(11) NOT NULL AUTO_INCREMENT,
  `nombre_usuario` varchar(150) NOT NULL,
  `nick_usuario` varchar(150) DEFAULT NULL,
  `pass_usuario` varchar(150) DEFAULT NULL,
  `niveles_usuarios_id_nivel` int(11) NOT NULL,
  `estado_usuario` int(11) DEFAULT '1',
  PRIMARY KEY (`id_usuario`),
  KEY `fk_usuarios_niveles_usuarios1` (`niveles_usuarios_id_nivel`)
) ENGINE=MyISAM  DEFAULT CHARSET=latin1 AUTO_INCREMENT=4 ;

--
-- Volcado de datos para la tabla `usuarios`
--

INSERT INTO `usuarios` (`id_usuario`, `nombre_usuario`, `nick_usuario`, `pass_usuario`, `niveles_usuarios_id_nivel`, `estado_usuario`) VALUES
(1, 'Faber Andrés  Vergara', 'jamihomer', 'c2d929f300d35c56bc7d43279f22353f', 1, 1),
(2, 'María Isabel Gómez', 'coolmaju', '202447d5d44ce12531f7207cb33b6bf7', 3, 1),
(3, 'Monica Bruna', 'monibruna', '827ccb0eea8a706c4c34a16891f84e7b', 3, 1);

/*!40101 SET CHARACTER_SET_CLIENT=@OLD_CHARACTER_SET_CLIENT */;
/*!40101 SET CHARACTER_SET_RESULTS=@OLD_CHARACTER_SET_RESULTS */;
/*!40101 SET COLLATION_CONNECTION=@OLD_COLLATION_CONNECTION */;
